Frequencia_Hz,PSD_Irradiancia,PSD_Potencia
0.0,108.31009553388172,73.36839045427773
1.6534391534391535e-06,382.250216076142,255.09715213881674
3.306878306878307e-06,324.83762651707946,213.122169875047
4.96031746031746e-06,239.72201234843854,157.88750406184445
6.613756613756614e-06,240.8852298746607,159.9739868897918
8.267195767195768e-06,372.8318106344679,249.08126098668734
9.92063492063492e-06,5702.645240411388,3966.876449711667
1.1574074074074075e-05,30422.340891854554,21235.554879954132
1.3227513227513228e-05,12455.162599160694,8670.609471884665
1.4880952380952381e-05,438.24823972344,295.86484874269854
1.6534391534391536e-05,155.56847525103217,102.00580087293378
1.818783068783069e-05,154.0060114079677,102.03572530020624
1.984126984126984e-05,162.4712056665674,107.6099678793155
2.1494708994708996e-05,932.3457433596168,639.7450521607605
2.314814814814815e-05,6401.647089507056,4421.443220486536
2.48015873015873e-05,3740.0707126768843,2571.6517908537235
2.6455026455026456e-05,265.14116668990374,178.32619015913883
2.810846560846561e-05,121.11571879493417,82.14631201072098
2.9761904761904762e-05,103.26123257507366,69.21593425522077
3.141534391534392e-05,86.2443856182037,57.3923581718257
3.306878306878307e-05,96.66323581867779,63.973707485945596
3.472222222222222e-05,159.411057863495,94.33820192723375
3.637566137566138e-05,127.90217606495669,75.15642952995506
3.802910052910053e-05,65.4018304987785,42.765169192504885
3.968253968253968e-05,59.33358897808391,40.27879281451001
4.133597883597884e-05,56.5720470481709,38.13073874406289
4.298941798941799e-05,46.39373380080936,30.916300203762518
4.464285714285714e-05,59.579269139367725,44.354247392317696
4.62962962962963e-05,154.89860682782776,146.61183878001762
4.794973544973545e-05,148.12144936049037,139.36763516202706
4.96031746031746e-05,47.60377748689514,35.51467651698114
5.125661375661376e-05,39.9800828884713,26.58617374519947
5.291005291005291e-05,39.113666441238394,26.142549198034402
5.4563492063492063e-05,32.26147162132426,21.257578048450938
5.621693121693122e-05,29.55334346060519,20.171483634707332
5.787037037037037e-05,31.128840335310336,27.59103179963854
5.9523809523809524e-05,31.653795791604292,29.18136012702653
6.117724867724867e-05,30.69668849827915,21.84282135311817
6.283068783068784e-05,29.146181074699463,19.358581588071925
6.448412698412699e-05,30.547147012740446,19.743399027385006
6.613756613756614e-05,29.09353776806104,19.041680067237927
6.779100529100529e-05,26.023867119982448,17.7044695640285
6.944444444444444e-05,37.31522722608557,25.378319372816133
7.10978835978836e-05,45.314490901396155,30.36303830688561
7.275132275132276e-05,28.115736783119083,18.48325139026284
7.440476190476191e-05,23.155131552340627,15.72758857466482
7.605820105820106e-05,25.02910558883617,16.555693058334892
7.771164021164021e-05,28.49204706683737,18.65629460805369
7.936507936507937e-05,22.98567978399798,15.876230054993478
8.101851851851852e-05,19.486412691420902,14.456582073616774
8.267195767195768e-05,18.7467087331964,14.529284345567413
8.432539682539683e-05,19.395801567656193,13.068914126497711
8.597883597883598e-05,21.059048726238608,13.641818409127278
8.763227513227513e-05,18.302192613296008,11.939955297485717
8.928571428571429e-05,22.324553144178754,14.272980297486251
9.093915343915344e-05,20.0767964751567,13.342685964907325
9.25925925925926e-05,21.171792284088518,13.646060019293545
9.424603174603175e-05,24.36454277842564,15.09696634811629
9.58994708994709e-05,20.61267987726941,13.0670425164981
9.755291005291006e-05,21.065290521346757,13.395778672646763
9.92063492063492e-05,17.128045151014447,10.928897471991979
0.00010085978835978836,16.160233004214998,10.135191717126066
0.00010251322751322752,17.59337873120705,11.451093861131042
0.00010416666666666667,17.00266507215252,11.991833855103266
0.00010582010582010582,18.187777611957557,13.349414544254005
0.00010747354497354498,19.339063510659876,13.222246212048042
0.00010912698412698413,18.83616337654358,12.174124006293935
0.00011078042328042329,15.171302496754736,9.840945193991486
0.00011243386243386244,14.401355228062693,9.278134646426725
0.0001140873015873016,16.962768303926115,10.896876736981799
0.00011574074074074075,16.106167360596885,10.063412661642655
0.0001173941798941799,18.55301627964996,11.292404260029086
0.00011904761904761905,16.601638821026224,10.62338916106645
0.00012070105820105821,16.384636087958246,10.52858229951133
0.00012235449735449735,13.445494087881126,8.845909450613117
0.0001240079365079365,12.146267443303302,7.911134514543372
0.00012566137566137568,13.778549246524742,8.940082533748264
0.00012731481481481483,14.123695123314997,9.439237250432795
0.00012896825396825398,15.222550562711676,10.250568982423891
0.00013062169312169313,14.003076222755439,9.379978040738456
0.00013227513227513228,12.841542618565246,8.299643551525058
0.00013392857142857144,11.853783320415278,7.887742353736285
0.00013558201058201059,11.165539100314529,7.342103860320422
0.00013723544973544974,12.758346608221048,8.241408185391897
0.0001388888888888889,12.823253519237117,8.241782295488242
0.00014054232804232804,14.50013593182322,8.927060937938512
0.0001421957671957672,15.541056560789777,9.734312169647785
0.00014384920634920634,13.792858745416074,8.923181666611745
0.00014550264550264552,12.025845034770303,7.923931511252647
0.00014715608465608467,11.453750507795403,7.542504873169895
0.00014880952380952382,12.197774944982235,7.936264574011939
0.00015046296296296297,13.328113949563063,8.817633841807442
0.00015211640211640213,13.609830953867517,9.141724559813058
0.00015376984126984128,14.935048334749721,9.819782332714045
0.00015542328042328043,15.491827704000833,10.209386484761922
0.00015707671957671958,12.055919119676384,7.92043669936766
0.00015873015873015873,11.951073083684323,7.761577777707295
0.00016038359788359788,11.395272394316448,7.436308149157598
0.00016203703703703703,12.469026954654886,8.055790623498067
0.0001636904761904762,12.601418984448422,8.41555146210518
0.00016534391534391536,12.135097670085113,7.74714886897352
0.0001669973544973545,15.809420207892481,10.167886910411134
0.00016865079365079366,13.303763572398198,8.461174022707388
0.00017030423280423282,11.528731972876749,7.5515347451593735
0.00017195767195767197,10.130266378948306,6.592175276751541
0.00017361111111111112,10.60650916775183,6.857922125139884
0.00017526455026455027,12.231159159079784,8.08583108817016
0.00017691798941798942,11.748688205891238,7.637407446006989
0.00017857142857142857,13.839839667241012,8.917426541273379
0.00018022486772486772,12.729588873133803,8.118915938395988
0.00018187830687830687,11.682234460883132,7.648083313986601
0.00018353174603174605,10.33389853397317,6.765264537379976
0.0001851851851851852,9.931359612231297,6.437044777150451
0.00018683862433862435,10.437679066324614,7.048361190167276
0.0001884920634920635,12.629463959296753,8.243119734699029
0.00019014550264550266,12.701321893450638,8.179901978625722
0.0001917989417989418,10.8178356337719,7.113594529968045
0.00019345238095238096,10.404497855314007,6.885118030413568
0.0001951058201058201,11.085843370914905,7.218753240727383
0.00019675925925925926,10.457018908752017,6.715953506148662
0.0001984126984126984,9.827009411890911,6.404545192330285
0.00020006613756613756,11.6220510777433,7.466482882310529
0.00020171957671957671,12.598909875560846,8.109705561646525
0.0002033730158730159,9.783406593483782,6.361329283433926
0.00020502645502645504,9.35400829872712,6.195908422744386
0.0002066798941798942,10.031216603021496,6.482897055249433
0.00020833333333333335,11.1004032779217,7.053046664367553
0.0002099867724867725,9.903002206300302,6.405004482726485
0.00021164021164021165,9.477979259582982,5.991986747473476
0.0002132936507936508,10.677327643140051,6.871783810985737
0.00021494708994708995,10.16953625896109,6.560654981072821
0.0002166005291005291,9.634217984727991,6.21876589268857
0.00021825396825396825,10.289823405898094,6.629144904120226
0.0002199074074074074,10.219806697241756,6.506517743601133
0.00022156084656084658,9.62071804558717,6.076159052986729
0.00022321428571428573,9.20946198001307,5.878204400520453
0.00022486772486772489,9.036809140281688,5.841664670202246
0.00022652116402116404,9.645807753797298,6.272094975823822
0.0002281746031746032,10.117698368924119,6.599312537546263
0.00022982804232804234,11.142267631263094,7.231570270543727
0.0002314814814814815,10.524226257502061,6.915359404391349
0.00023313492063492064,8.905267673015546,5.744348526008609
0.0002347883597883598,8.923849373899293,5.7629255640459975
0.00023644179894179894,8.421085840487388,5.550388799927474
0.0002380952380952381,9.232688744532483,5.999795106795395
0.00023974867724867725,9.841368857168764,6.455815525073684
0.00024140211640211642,10.521283975287329,7.000818687225602
0.00024305555555555558,10.551513403333162,6.915940288318368
0.0002447089947089947,9.264646528071022,6.112137904756063
0.00024636243386243385,8.506535153641028,5.569729757976238
0.000248015873015873,8.288342939852708,5.404142351306906
0.00024966931216931215,8.75968726158419,5.666197377423889
0.00025132275132275136,8.820155900645256,5.770498429757867
0.0002529761904761905,8.442839693132926,5.5887527114846485
0.00025462962962962966,9.914902508629206,6.47000101194929
0.0002562830687830688,9.74531860143564,6.486993883304138
0.00025793650793650796,8.685649638053587,5.831604103455416
0.0002595899470899471,9.35362738172238,6.108082090704447
0.00026124338624338627,8.911252374096245,5.698129835203969
0.0002628968253968254,8.162274595350667,5.407736633759227
0.00026455026455026457,8.704277834027673,5.697665808165118
0.0002662037037037037,9.108065410258549,5.88983818334678
0.00026785714285714287,9.37158239132366,6.23938743169621
0.000269510582010582,9.614176224150983,6.455812332678964
0.00027116402116402117,11.361264175670465,7.375980171841416
0.0002728174603174603,9.98601570416183,6.43626295109222
0.0002744708994708995,8.59815224941,5.80794780065787
0.0002761243386243386,9.992254461888574,6.6519570523460265
0.0002777777777777778,9.88311663357814,6.436162306124673
0.00027943121693121693,9.209773121586208,5.970818405030594
0.0002810846560846561,9.454454231395495,6.175075221646807
0.00028273809523809523,11.278590028569532,7.304603626036107
0.0002843915343915344,10.326248077640159,6.661232197840336
0.00028604497354497353,8.325667989946682,5.5883197415495
0.0002876984126984127,9.728694264649564,6.448702072519743
0.0002893518518518519,10.261665769406456,6.761210541849815
0.00029100529100529104,10.479591734030098,6.660175869044373
0.0002926587301587302,8.49909522181647,5.545357504882427
0.00029431216931216934,8.800640056204939,5.852778473323068
0.0002959656084656085,8.58915854774247,5.54270647467516
0.00029761904761904765,7.789269404506713,5.181517965764861
0.0002992724867724868,7.77317502245232,5.042864297121889
0.00030092592592592595,8.282837368435787,5.4589104307379275
0.0003025793650793651,10.098163708249611,6.4421608385224305
0.00030423280423280425,9.856099943622,6.498190652825214
0.0003058862433862434,8.120464509841053,5.52221346449286
0.00030753968253968255,6.720526374080351,4.419580017753302
0.0003091931216931217,7.288799743078825,4.803885682182777
0.00031084656084656086,6.79837549696564,4.372887609913136
0.0003125,6.950429267663268,4.555652345684203
0.00031415343915343916,7.732302953173988,5.007167469812341
0.0003158068783068783,8.771212275100709,5.637784883250066
0.00031746031746031746,8.70171164048489,5.681873864321747
0.0003191137566137566,7.089713889977609,4.588165490950165
0.00032076719576719576,6.719958705503953,4.349832922088189
0.0003224206349206349,7.145549723536262,4.650364536800722
0.00032407407407407406,6.838025755046948,4.484691521934565
0.0003257275132275132,6.47199725216696,4.3401707137907595
0.0003273809523809524,7.176952610044241,4.554248072911017
0.00032903439153439157,7.262722983878629,4.651633405951924
0.0003306878306878307,7.000859905259954,4.48636368990462
0.0003323412698412699,6.874320247734496,4.44040261063375
0.000333994708994709,7.046134216630261,4.7089772375632
0.0003356481481481482,7.911888805920576,5.186938297126004
0.00033730158730158733,7.270898976780955,4.79504667190317
0.0003389550264550265,7.851966488412187,5.0113601905655845
0.00034060846560846563,7.433225251121862,4.734205621086879
0.0003422619047619048,6.409002161489995,4.13824452989784
0.00034391534391534393,6.367866160749295,4.094365290841606
0.0003455687830687831,7.194839051973281,4.769191404229377
0.00034722222222222224,8.102639498683097,5.332567825467138
0.0003488756613756614,7.4273839662367935,4.885352090678219
0.00035052910052910054,8.11169872324388,5.2937491359541005
0.0003521825396825397,7.854438709298741,5.08333293375699
0.00035383597883597884,6.4814881493876815,4.226569120400889
0.000355489417989418,6.674256332882695,4.324664153143682
0.00035714285714285714,7.215007661789917,4.690289829052381
0.0003587962962962963,7.265647970733742,4.731475151945589
0.00036044973544973544,6.595851727026084,4.334451959859115
0.0003621031746031746,6.670868549348495,4.406679428622177
0.00036375661375661375,7.740267142962898,5.090525669281549
0.0003654100529100529,7.497401377943393,5.030133621951169
0.0003670634920634921,7.949584789375225,5.295228999205129
0.00036871693121693126,8.009749813250263,5.304474249807506
0.0003703703703703704,6.486806798892239,4.236662998684338
0.00037202380952380956,6.183682618864977,4.084332994599174
0.0003736772486772487,6.455859690341927,4.2694246158054305
0.00037533068783068786,8.440296691808733,5.58209854842268
0.000376984126984127,7.856208781715177,5.34329666086074
0.00037863756613756616,7.413971885708772,5.055801418171029
0.0003802910052910053,8.799061830139035,5.930757091218023
0.00038194444444444446,6.57207082415059,4.42882177062325
0.0003835978835978836,6.264926197619391,4.1877838813039325
0.00038525132275132277,7.231835606212519,4.873382751185182
0.0003869047619047619,8.909499724872607,5.872902265877862
0.00038855820105820107,8.241059501787559,5.503214260898207
0.0003902116402116402,6.194558413767016,4.212135875792376
0.00039186507936507937,6.6021921271138275,4.4941510281838575
0.0003935185185185185,6.913618580364614,4.622021419835426
0.0003951719576719577,6.909103193774769,4.56102082645823
0.0003968253968253968,7.239748970355981,4.7419773718610285
0.000398478835978836,8.503892482592857,5.567197448219406
0.00040013227513227513,8.649979918135237,5.758105778423545
0.0004017857142857143,6.590557331009493,4.333372519218715
0.00040343915343915343,6.037554272680921,4.134406956274834
0.00040509259259259264,6.366472927720381,4.291185417344696
0.0004067460317460318,6.988656836347434,4.63345720679206
0.00040839947089947094,7.321141009827153,4.746384878654393
0.0004100529100529101,7.3361991273579825,4.796799554402831
0.00041170634920634924,8.69951576342258,5.828305991103931
0.0004133597883597884,7.603024951870618,4.966491460501992
0.00041501322751322754,6.727331586742728,4.38978130974881
0.0004166666666666667,6.50673240443447,4.478053251836559
0.00041832010582010584,6.839643310496349,4.556835666593866
0.000419973544973545,6.544992904846214,4.383236278077274
0.00042162698412698415,6.504406309285802,4.387085441516939
0.0004232804232804233,7.391509671100406,4.950234611209811
0.00042493386243386245,8.06321303622455,5.277270864082364
0.0004265873015873016,6.594289091419295,4.1371618811630695
0.00042824074074074075,5.793078174637719,3.885663560144424
0.0004298941798941799,6.2318917212764,4.159921157345508
0.00043154761904761905,6.261260761781081,4.215399686535749
0.0004332010582010582,6.738661601138875,4.609730440609375
0.00043485449735449736,6.259752095160895,4.251775743788635
0.0004365079365079365,7.279943005317879,4.848092710730226
0.00043816137566137566,6.128290883360544,3.8983888876391553
0.0004398148148148148,5.6767632806232635,3.7246126824903816
0.00044146825396825396,6.2966538407798005,4.222188275448257
0.00044312169312169317,5.971371327812225,4.008084742924129
0.0004447751322751323,6.390757676716497,4.2978003765491914
0.00044642857142857147,6.640978194199919,4.491966187433849
0.0004480820105820106,7.359152152096317,4.9681242012289095
0.00044973544973544977,6.226747554955737,4.119459974402357
0.0004513888888888889,5.967803968354684,3.98801483669396
0.0004530423280423281,7.095985925829026,4.781750798262001
0.0004546957671957672,5.810763384546655,3.872000904959348
0.0004563492063492064,5.910230938740503,3.880846877700186
0.0004580026455026455,6.4006568405790665,4.262221190519361
0.0004596560846560847,6.845918712469277,4.594616970758253
0.00046130952380952383,6.631371713422311,4.417083639502823
0.000462962962962963,6.452439930151486,4.305829296228963
0.00046461640211640213,6.73293915789176,4.541727186644312
0.0004662698412698413,5.818986607365713,3.8985180825975623
0.00046792328042328043,6.271368851784168,4.1439995901399485
0.0004695767195767196,6.37247970155133,4.251793649950221
0.00047123015873015874,6.1362271458432005,4.091672119470513
0.0004728835978835979,6.112970454055112,4.027812562745929
0.00047453703703703704,5.868967535760168,3.90559505621908
0.0004761904761904762,6.517117297289461,4.303451570719396
0.00047784391534391534,5.805055158644583,3.852943526474058
0.0004794973544973545,6.365274420792124,4.244521630108953
0.0004811507936507937,7.085301822004465,4.781622755815053
0.00048280423280423285,6.230778851982786,4.242504229490141
0.000484457671957672,5.967225464467406,3.934529498362737
0.00048611111111111115,5.962463374646766,3.907329645401492
0.0004877645502645503,6.369510549065199,4.1329086858166875
0.0004894179894179894,5.856564687454879,3.8334084918983713
0.0004910714285714286,6.51151370506629,4.310434260141893
0.0004927248677248677,7.297540738346002,4.85135059255009
0.0004943783068783069,6.5414262688863,4.475055717705466
0.000496031746031746,6.006642934786892,3.9874104945306836
0.0004976851851851852,6.382536659129552,4.228175334444709
0.0004993386243386243,7.277365696222073,4.8025685882459115
0.0005009920634920635,6.532079211285853,4.2901513747572055
0.0005026455026455027,6.0174882035988455,3.986398773456646
0.0005042989417989418,6.682801552421011,4.417649535886993
0.000505952380952381,6.360168729021679,4.210262383084723
0.0005076058201058201,5.80254173388397,3.790459948984733
0.0005092592592592593,7.0674609340959655,4.734425449172075
0.0005109126984126984,7.1934539959795645,4.876153456355036
0.0005125661375661376,6.622663584265525,4.379625382051562
0.0005142195767195767,5.80144536117176,3.8296115733478997
0.0005158730158730159,5.823381941060489,3.8344480717271505
0.000517526455026455,5.518686488926334,3.628057893148139
0.0005191798941798942,5.538175148877643,3.60748487906913
0.0005208333333333333,6.760266529471354,4.46144114572127
0.0005224867724867725,7.072636063606771,4.778706163072524
0.0005241402116402116,5.984250872548485,3.962615394905848
0.0005257936507936508,5.809788891757238,3.854067225559979
0.0005274470899470899,5.647672770396838,3.800451909409566
0.0005291005291005291,5.67668702892227,3.8204722006978646
0.0005307539682539682,5.310196148910571,3.563720081638921
0.0005324074074074074,5.996555024217578,4.069519411243842
0.0005340608465608465,6.781605694640287,4.526788926025017
0.0005357142857142857,6.252210676927644,4.175706676148537
0.0005373677248677248,6.370519732976642,4.289400270207203
0.000539021164021164,6.084281377961288,4.209557858256934
0.0005406746031746032,5.974413965631772,4.138495745318202
0.0005423280423280423,5.495304035677822,3.783947336709823
0.0005439814814814816,5.713167190298496,3.9488330576589368
0.0005456349206349206,6.862114199649634,4.66979433413187
0.0005472883597883599,6.37362391853728,4.3245783038543015
0.000548941798941799,6.789036178553804,4.609769456198693
0.0005505952380952382,6.398169940989603,4.409069754106633
0.0005522486772486773,5.381213724975513,3.7323144023308394
0.0005539021164021165,5.143461834010488,3.545070180220228
0.0005555555555555556,5.744709645459842,3.9549681846876323
0.0005572089947089948,6.6639772894185425,4.5881687111239
0.0005588624338624339,6.550755364982091,4.448228740154914
0.0005605158730158731,6.418575559153768,4.370688931317506
0.0005621693121693122,5.7033081967219745,3.9080389595107037
0.0005638227513227514,4.6903466452423235,3.20660999665812
0.0005654761904761905,4.927157849187444,3.4190449103622766
0.0005671296296296297,5.438747547707927,3.6956989423322595
0.0005687830687830688,5.995240953653316,4.135922610009216
0.000570436507936508,6.21307303763703,4.324634037784259
0.0005720899470899471,5.984273346963149,4.036199644621982
0.0005737433862433863,5.056883129582634,3.4011881494701095
0.0005753968253968254,4.765994536075304,3.2429658129042673
0.0005770502645502646,4.976254677734854,3.4971751402717244
0.0005787037037037038,5.424873584247226,3.7588188013274704
0.0005803571428571429,5.210831571367596,3.577031568614842
0.0005820105820105821,5.636804955067103,3.9199967786884975
0.0005836640211640212,6.1700792539581615,4.232675790245026
0.0005853174603174604,5.3684068275711425,3.6739510954679235
0.0005869708994708995,4.873436711279803,3.327524133258692
0.0005886243386243387,4.838205137638361,3.4021234180593063
0.0005902777777777778,5.256348682842349,3.726494284126021
0.000591931216931217,5.439866842259607,3.761265861667384
0.0005935846560846561,5.075150498537329,3.501387787860652
0.0005952380952380953,5.893566798568718,4.040858028806801
0.0005968915343915344,6.237205585379821,4.336118487465416
0.0005985449735449736,5.281388621745354,3.652074256670311
0.0006001984126984127,4.7369094311503135,3.341786621593277
0.0006018518518518519,5.212907617823447,3.7066035700297926
0.000603505291005291,5.707841093816611,3.946852753660413
0.0006051587301587302,4.9420023492704095,3.384448797747142
0.0006068121693121693,5.209102880499899,3.535673130306013
0.0006084656084656085,5.947285971671257,4.153786745986067
0.0006101190476190476,5.0856253411321255,3.505962423210373
0.0006117724867724868,5.212770701612534,3.6140072744158913
0.0006134259259259259,5.805837770969451,4.0413225221546725
0.0006150793650793651,6.005552089763906,4.1091813195696565
0.0006167328042328043,5.137140861323468,3.5288978662573425
0.0006183862433862434,4.736076666338218,3.235651934004815
0.0006200396825396826,4.89420293983686,3.3895791985872843
0.0006216931216931217,4.755393206489329,3.3026221956743793
0.0006233465608465609,5.099090528969308,3.545505502507148
0.000625,5.536287528222448,3.8299098558996683
0.0006266534391534392,6.022411559987156,4.071397863257732
0.0006283068783068783,5.564351189670004,3.8140959798756127
0.0006299603174603175,5.014393643064224,3.443474174758424
0.0006316137566137566,4.712025809650343,3.291806906691988
0.0006332671957671958,4.923428621331082,3.4810655743443677
0.0006349206349206349,4.95557685993769,3.4205198707335853
0.0006365740740740741,4.902803993770224,3.432345673347973
0.0006382275132275132,5.698703468425655,3.921808767487911
0.0006398809523809524,5.889032886151061,4.01997541420866
0.0006415343915343915,5.25298439099052,3.602002887998272
0.0006431878306878307,5.409918301704141,3.849227038234088
0.0006448412698412698,5.296640385493025,3.7798433309457367
0.000646494708994709,5.455914939968669,3.758249823329385
0.0006481481481481481,5.332632263380236,3.7478777981193305
0.0006498015873015873,6.088306112197424,4.290857659442708
0.0006514550264550264,5.63517511421108,3.8781236416542066
0.0006531084656084656,5.380546958627176,3.73065984006019
0.0006547619047619048,5.280934323863531,3.7512661529017377
0.0006564153439153439,5.233328979148034,3.727013367894677
0.0006580687830687831,5.320343009925033,3.677349767077787
0.0006597222222222222,5.758861717012573,3.985228815690745
0.0006613756613756614,6.92866856555591,4.853513634044595
0.0006630291005291005,4.726766922619426,3.285065025002907
0.0006646825396825397,5.344941866973598,3.645049659089637
0.0006663359788359788,4.89096994003672,3.398636394363012
0.000667989417989418,4.404804353617333,3.1249660348496193
0.0006696428571428571,5.0508431472484485,3.4803734151450167
0.0006712962962962964,5.4073117019305865,3.6715819683467044
0.0006729497354497355,6.163433700851169,4.216090527215446
0.0006746031746031747,4.926787888197078,3.3413057341598114
0.0006762566137566138,4.715339292781475,3.1842534491762358
0.000677910052910053,4.636072855775183,3.11345419108749
0.0006795634920634921,4.2660457116507615,2.9658120673048596
0.0006812169312169313,4.821443444730456,3.3649575531505826
0.0006828703703703704,5.567421937309761,3.7982213177330935
0.0006845238095238096,5.919339980869676,3.976332681471512
0.0006861772486772487,4.485759731812731,3.0433094552827247
0.0006878306878306879,4.362067138391019,2.931705936027799
0.000689484126984127,4.630900133733492,3.0741341412863763
0.0006911375661375662,4.6326038623669294,3.1766727679534283
0.0006927910052910054,4.9865385486300156,3.490219996967495
0.0006944444444444445,5.100750906724311,3.498526832471851
0.0006960978835978837,5.489011387329058,3.693827972542396
0.0006977513227513228,4.77216928633291,3.2635483919406942
0.000699404761904762,4.205014013035753,2.889445789454194
0.0007010582010582011,4.381579033800969,2.961295639316484
0.0007027116402116403,4.515869522818497,3.056153835259674
0.0007043650793650794,4.763302832810627,3.3141848955541335
0.0007060185185185186,4.795495664871876,3.2951238826039986
0.0007076719576719577,4.504009821161905,2.9771204217999245
0.0007093253968253969,4.296526231322507,2.9738389782757206
0.000710978835978836,4.203585927802569,2.944829124356183
0.0007126322751322752,4.7720380458744085,3.341640890369659
0.0007142857142857143,4.5250030816777596,3.1073275625297487
0.0007159391534391535,4.112492704273839,2.837761182463383
0.0007175925925925926,4.440127041929038,3.0180983312622063
0.0007192460317460318,4.550965030430384,3.01858606474037
0.0007208994708994709,4.061749738683829,2.8218635553343407
0.0007225529100529101,3.973777495424065,2.779990846566477
0.0007242063492063492,4.755442855508234,3.401069534817945
0.0007258597883597884,4.799686653656598,3.3445199080484405
0.0007275132275132275,4.49403996679315,3.0980951385094984
0.0007291666666666667,4.51405642791257,3.0470428933336997
0.0007308201058201058,4.4666013291860205,3.001499572086229
0.000732473544973545,3.974558547772583,2.730747024501547
0.0007341269841269842,4.108644868368528,2.8561034937337824
0.0007357804232804233,4.350573882928633,3.0864164204025792
0.0007374338624338625,4.3866051353607185,3.0698230342371504
0.0007390873015873016,4.733423069009611,3.315724805065151
0.0007407407407407408,4.620350772812471,3.138493405017852
0.0007423941798941799,4.298417662326347,2.933815571580934
0.0007440476190476191,3.5475148614112704,2.406215831737091
0.0007457010582010582,4.102879460485483,2.864425567629811
0.0007473544973544974,4.13808482283186,2.959299786836447
0.0007490079365079365,3.9832896055819678,2.7906719653141785
0.0007506613756613757,4.7573675919760525,3.3515455861585686
0.0007523148148148148,4.460355579976732,3.04104027015118
0.000753968253968254,4.1659800762424615,2.8526022572542904
0.0007556216931216931,3.6368395387094568,2.4975982001647976
0.0007572751322751323,4.162061546218116,2.9219902110587004
0.0007589285714285714,4.2955771140693955,3.0989782733062055
0.0007605820105820106,4.179829374520574,2.9634224777413958
0.0007622354497354497,4.738454681218462,3.330351760852039
0.0007638888888888889,4.49512532665332,3.04350060735125
0.000765542328042328,4.2398654640765505,2.892307711183029
0.0007671957671957672,4.709134230310396,3.1867923615764
0.0007688492063492063,4.472438954164034,3.096795523715503
0.0007705026455026455,4.341785723385541,3.092339942897045
0.0007721560846560847,4.353723080296953,3.097283920368688
0.0007738095238095238,4.756362830811012,3.3079856459988077
0.000775462962962963,4.51430478233158,3.0712400550641457
0.0007771164021164021,4.2322119574983965,2.9389253241842503
0.0007787698412698413,5.575241555662858,3.7814893266793836
0.0007804232804232804,5.29289833901057,3.54225404302157
0.0007820767195767196,4.172235309119214,2.942117087316329
0.0007837301587301587,4.040682962327445,2.8835796657287296
0.000785383597883598,4.199428432342483,2.879870729640837
0.000787037037037037,4.805850901695034,3.296454982624446
0.0007886904761904763,4.514415415229781,3.1596606597446826
0.0007903439153439153,5.4309770554357275,3.741981774486904
0.0007919973544973546,5.050779038675451,3.4000747679285386
0.0007936507936507937,4.4623768728095685,3.095533561611098
0.0007953042328042329,3.9543792302712752,2.794347173960779
0.000796957671957672,3.6584068767468665,2.525824329390298
0.0007986111111111112,4.580974538921335,3.1850171030761527
0.0008002645502645503,4.7776790679398715,3.311738708130795
0.0008019179894179895,4.901459735158839,3.3786587171232068
0.0008035714285714286,4.672475914496059,3.1956757465434884
0.0008052248677248678,4.626310031172675,3.211405766607474
0.0008068783068783069,4.063705818873462,2.773290979070996
0.0008085317460317461,3.974787651803447,2.731116409983148
0.0008101851851851853,4.401359362903508,3.0901033734134864
0.0008118386243386244,4.421622171661532,3.0915483113595053
0.0008134920634920636,4.3335287567493905,3.015523153309707
0.0008151455026455027,5.127868129353357,3.560627577583395
0.0008167989417989419,4.524810884003241,3.1830318499345323
0.000818452380952381,4.185030800178975,2.8646073747386307
0.0008201058201058202,4.549023351085211,3.0745651151407536
0.0008217592592592593,4.415041672302455,3.060222281656836
0.0008234126984126985,4.129022935430777,2.8785391321843923
0.0008250661375661376,4.290998739152715,3.0627568154820044
0.0008267195767195768,4.927530561535755,3.4798724624106403
0.0008283730158730159,4.74628459109901,3.3949752411986016
0.0008300264550264551,3.8373222847081547,2.722152563540914
0.0008316798941798942,4.54171501186782,3.1096838585674043
0.0008333333333333334,4.770184807291218,3.254670797751887
0.0008349867724867725,3.968139256697488,2.738755723993536
0.0008366402116402117,4.193617391240377,3.020452409118454
0.0008382936507936508,4.501606362345583,3.1959682369447506
0.00083994708994709,4.783588112262016,3.3909766203126224
0.0008416005291005291,3.9922992781741184,2.8704650111668024
0.0008432539682539683,4.2059304600927705,2.9030274831240477
0.0008449074074074074,4.759083259617392,3.279804165656023
0.0008465608465608466,4.261696714845714,2.966886795094926
0.0008482142857142858,4.03308167773316,2.8704189822456216
0.0008498677248677249,4.737602278435676,3.3272237269921345
0.0008515211640211641,4.5978898046130885,3.2085488662589587
0.0008531746031746032,4.3761184824236805,3.099951802478229
0.0008548280423280424,4.208800350100808,2.9108848756347685
0.0008564814814814815,4.503946579781148,3.120097244755189
0.0008581349206349207,4.105337767120454,2.859579079777585
0.0008597883597883598,4.353034101220301,3.018430051711217
0.000861441798941799,4.945367613734279,3.4886367696814977
0.0008630952380952381,4.678397343173421,3.277670023795094
0.0008647486772486773,4.553940829042046,3.1293709200961097
0.0008664021164021164,4.347184677664812,2.9923947107059297
0.0008680555555555556,4.177043522308166,2.8981521930293614
0.0008697089947089947,3.270681803805875,2.3010979631157364
0.0008713624338624339,4.270571112307641,2.9054853752272836
0.000873015873015873,4.969724200937378,3.5317707935394167
0.0008746693121693122,4.588414529058018,3.267500924056979
0.0008763227513227513,4.408243124231099,2.9811634879470263
0.0008779761904761905,4.681432011955866,3.1582834120975276
0.0008796296296296296,3.9433711559528164,2.7068264772972466
0.0008812830687830688,3.2836982144515847,2.2912922872614656
0.0008829365079365079,4.137829761153403,2.8214758508446884
0.0008845899470899471,4.5294335471158105,3.2205565325968113
0.0008862433862433863,4.085343505786207,2.9202939478235903
0.0008878968253968254,3.9786570845015405,2.7130563595135033
0.0008895502645502646,4.503570972470477,3.0232447893148846
0.0008912037037037037,4.213152204666444,2.8661072513032257
0.0008928571428571429,3.5568139744420733,2.49270385539908
0.000894510582010582,4.470320901909579,3.048877681635184
0.0008961640211640212,4.2803816659367975,2.980792764502037
0.0008978174603174603,3.404761180142801,2.3741802064817676
0.0008994708994708995,3.55971314832914,2.5134332178111136
0.0009011243386243386,4.22741394519809,2.9271722678507324
0.0009027777777777778,4.027143211900759,2.771364491734722
0.0009044312169312169,3.634225127029304,2.559934424820825
0.0009060846560846561,4.582757304389413,3.1744712034239337
0.0009077380952380952,4.2102362083556395,2.8831002585421346
0.0009093915343915344,3.320306073940323,2.279662482955734
0.0009110449735449735,3.720620355065163,2.661516182342593
0.0009126984126984128,4.224739772574542,2.9887054543060794
0.0009143518518518518,3.8909465596583988,2.7606376514786355
0.000916005291005291,3.636541064657229,2.591441173074837
0.0009176587301587302,4.715904433001996,3.29725226779623
0.0009193121693121694,4.456733379973421,3.0239866107245748
0.0009209656084656085,3.676138827069928,2.5766193327859255
0.0009226190476190477,3.9852561329325016,2.828793881477454
0.0009242724867724869,4.189213428432261,2.914698330823307
0.000925925925925926,3.8010942797057097,2.6866869079564673
0.0009275793650793652,3.965585855797524,2.836565911838493
0.0009292328042328043,4.619087449644341,3.2214081538730026
0.0009308862433862435,4.5417807454321295,3.1240472080084323
0.0009325396825396826,4.312995655678501,2.9926575330993743
0.0009341931216931218,4.07063280775587,2.8278356397305875
0.0009358465608465609,3.6889162661140515,2.51196586764651
0.0009375000000000001,3.4223102272629653,2.349865804438316
0.0009391534391534392,3.738993697954521,2.6515294352061365
0.0009408068783068784,4.308573535470418,2.9510585267966194
0.0009424603174603175,4.270438107082712,2.913928436853853
0.0009441137566137567,4.343364647815607,2.994126121636087
0.0009457671957671958,4.188384221424287,2.911764817380863
0.000947420634920635,3.4251798806013443,2.3293923716221108
0.0009490740740740741,3.144443473216454,2.174854509273669
0.0009507275132275133,3.1645370205447607,2.190694389706629
0.0009523809523809524,3.6012718882011825,2.4392160360432977
0.0009540343915343916,3.681890191180184,2.4659060040360368
0.0009556878306878307,4.077829084048433,2.7346846986449265
0.0009573412698412699,4.250924486837946,2.987216000009293
0.000958994708994709,3.5793872258744703,2.518846469590291
0.0009606481481481482,3.217782654215345,2.288061176646067
0.0009623015873015874,3.105052133719113,2.1458567340426016
0.0009639550264550265,3.210067081461866,2.1603141414448994
0.0009656084656084657,3.30192047687069,2.2011813598074554
0.0009672619047619048,3.505017929689113,2.3232251029818536
0.000968915343915344,3.75272294899473,2.552039458282739
0.0009705687830687831,3.7782633197729365,2.6712734261122613
0.0009722222222222223,3.608173785072546,2.5844237888976522
0.0009738756613756614,3.282231857961128,2.234108400775853
0.0009755291005291006,3.546566074717656,2.398250569067028
0.0009771825396825398,3.351020068110983,2.273523795857005
0.0009788359788359788,3.177672226601699,2.1342548154569108
0.000980489417989418,3.2729215146858373,2.2337631040524912
0.0009821428571428572,3.2547807891872584,2.255084291865881
0.0009837962962962964,3.644875053052308,2.5985207898499123
0.0009854497354497354,3.4540527683053273,2.3510039018765583
0.0009871031746031746,3.580406225738881,2.414486395540913
0.0009887566137566138,3.402978426311789,2.3559592806677996
0.000990410052910053,3.3933567855471476,2.3614243348719315
0.000992063492063492,3.5622915813778224,2.5176389547181977
0.0009937169312169312,2.8295555738329545,1.9762286603590116
0.0009953703703703704,3.3412852940511244,2.364195337320755
0.0009970238095238096,3.262908930252638,2.2778326026138997
0.0009986772486772486,3.4501465870441503,2.341782905323776
0.0010003306878306878,3.2033920102894884,2.2060271506724023
0.001001984126984127,3.578798040397727,2.5588322902416696
0.0010036375661375662,3.8977402201564235,2.8017414744601616
0.0010052910052910054,2.989031759911524,2.0822645886800912
0.0010069444444444444,3.2026748077534317,2.2398878333553394
0.0010085978835978836,3.0810790209290193,2.151390300244167
0.0010102513227513228,3.4536272980285427,2.3591525159262456
0.001011904761904762,3.6635435284610893,2.5104520819089156
0.001013558201058201,3.353580936669283,2.3932914853593674
0.0010152116402116402,3.7673382468966703,2.703625236110132
0.0010168650793650794,3.3543479311226223,2.2806443206828373
0.0010185185185185186,3.2756648693584185,2.2545071478852368
0.0010201719576719576,3.2721539911902733,2.2404834428869713
0.0010218253968253968,3.4047902320924925,2.3072855055436015
0.001023478835978836,3.644697133231517,2.5047815264957918
0.0010251322751322752,3.737295374170974,2.64286353261347
0.0010267857142857142,3.5476546272332943,2.4984468634970916
0.0010284391534391534,3.9556603395527308,2.6551712281816053
0.0010300925925925926,3.7502089548253874,2.5323744471568315
0.0010317460317460319,3.3608518484315635,2.272165942387447
0.0010333994708994708,3.1280995860472682,2.1399270443522203
0.00103505291005291,3.30970091074662,2.277122463831059
0.0010367063492063493,3.819933692509324,2.696801684621188
0.0010383597883597885,3.597433131635948,2.514345039877418
0.0010400132275132277,4.541793217748836,3.0081237043204037
0.0010416666666666667,4.042922553536661,2.7228300594909554
0.0010433201058201059,3.2085570748717793,2.1465169703509477
0.001044973544973545,3.1800207596367303,2.2376888531623633
0.0010466269841269843,2.668618005539159,1.88811595122538
0.0010482804232804233,3.5913088214051374,2.4983036053565977
0.0010499338624338625,3.5466271277356856,2.48855487003388
0.0010515873015873017,4.032420121489498,2.6569349388155556
0.0010532407407407409,3.9694279041166816,2.5818823427405304
0.0010548941798941799,3.164151149666631,2.180439045644829
0.001056547619047619,3.1344566512648853,2.2287814200603644
0.0010582010582010583,2.6861607778394654,1.9026612681039672
0.0010598544973544975,3.076475776366188,2.166777893755254
0.0010615079365079365,3.0770055890767822,2.151750422451779
0.0010631613756613757,3.5478465315061523,2.401917869955481
0.0010648148148148149,3.353648087110652,2.22997502531418
0.001066468253968254,2.9539660706546873,2.0234032240799853
0.001068121693121693,3.186691430903589,2.238650923305117
0.0010697751322751323,3.065195283990343,2.143225106350777
0.0010714285714285715,3.5820408929240397,2.593790909432052
0.0010730820105820107,3.1291758486374004,2.2429035090841145
0.0010747354497354497,2.9818121862186215,2.0945978146283766
0.0010763888888888889,3.5043683736197178,2.4526198942532242
0.001078042328042328,2.855131266741803,1.9740882280412086
0.0010796957671957673,3.050799861135618,2.0873850814820476
0.0010813492063492065,3.3619568050235684,2.3630804570492723
0.0010830026455026455,4.383907953705813,3.1613025538946067
0.0010846560846560847,3.726903305309941,2.7375840590339093
0.001086309523809524,3.2088730124696725,2.2586335589691813
0.001087962962962963,3.6082224309706628,2.5291881877163678
0.001089616402116402,3.1204662886073447,2.1672777821229254
0.0010912698412698413,3.0513751793724886,2.1234216716343637
0.0010929232804232805,3.405699899323121,2.4198189397053276
0.0010945767195767197,4.010769452554943,2.8386729092467653
0.0010962301587301587,3.882980363591806,2.79423321054594
0.001097883597883598,3.560267752039727,2.4771753352839614
0.001099537037037037,3.507003339170296,2.401459907624898
0.0011011904761904763,3.1763276216519603,2.233385596508949
0.0011028439153439153,3.072487086885151,2.1862990446190604
0.0011044973544973545,3.095456717305695,2.249136216239971
0.0011061507936507937,3.329144287744772,2.346866335546658
0.001107804232804233,3.4444707714159875,2.3842687801801774
0.001109457671957672,3.323197081865775,2.2995302258744776
0.0011111111111111111,3.2605016512309293,2.2161366654241133
0.0011127645502645503,3.462935487580274,2.4726535632363116
0.0011144179894179895,3.350651252109015,2.4031981333186367
0.0011160714285714287,3.047228799597144,2.1556322474711305
0.0011177248677248677,2.9208589195139574,2.0516232570937323
0.001119378306878307,3.0045292613154895,2.0863061435776644
0.0011210317460317461,2.9511767936330044,2.0659201014483917
0.0011226851851851853,3.1473801680474804,2.1810170353470917
0.0011243386243386243,3.6157919036987867,2.573081838463699
0.0011259920634920635,3.7241279217874967,2.6209741672490363
0.0011276455026455027,3.374671125172771,2.313932632169446
0.001129298941798942,3.2904136893036364,2.2903970633568465
0.001130952380952381,3.2006756077749547,2.2422440593378186
0.0011326058201058201,2.7836197532229665,1.9947259961669637
0.0011342592592592593,2.979184587045572,2.103277605445237
0.0011359126984126985,3.202959120694053,2.246126485081883
0.0011375661375661375,3.341016019321024,2.3172399603077993
0.0011392195767195767,3.5310338102029433,2.3884023985046148
0.001140873015873016,3.857716133969811,2.677900067852953
0.0011425264550264551,3.520799793807041,2.4593264908494614
0.0011441798941798941,3.0755881368436,2.211278174513508
0.0011458333333333333,2.832180722345651,2.022054970029015
0.0011474867724867725,2.766882808121665,1.9098496122918325
0.0011491402116402117,2.7968282177160164,1.9206858730071779
0.0011507936507936507,3.0774547833713233,2.0943005905456307
0.00115244708994709,3.6001629444384036,2.4561343261755026
0.0011541005291005291,3.7993877741554742,2.603074388261667
0.0011557539682539684,3.0023002168022286,2.1237073392380315
0.0011574074074074076,2.9063010574490504,2.081296122727726
0.0011590608465608465,2.785603929411047,1.9494327120665107
0.0011607142857142858,2.603536343888026,1.7479158786300224
0.001162367724867725,2.907487379121954,1.9815288234359787
0.0011640211640211642,3.1659927737403084,2.164015076623699
0.0011656746031746032,3.1886377858056965,2.183939601701466
0.0011673280423280424,2.819187639410595,1.8995738899458197
0.0011689814814814816,3.0036945945566957,2.1281851383496186
0.0011706349206349208,3.089978584018806,2.163504639472158
0.0011722883597883598,2.7108550552575537,1.8154442701656808
0.001173941798941799,2.7773404693135153,1.8776104761867014
0.0011755952380952382,2.71643397593092,1.8836186997224267
0.0011772486772486774,2.9399313262003606,2.0777774545378227
0.0011789021164021164,2.5922190464927257,1.769065542182106
0.0011805555555555556,2.923632676146795,2.0083927488417426
0.0011822089947089948,3.189644297546978,2.196582505151115
0.001183862433862434,2.888801834513284,1.918310949352495
0.001185515873015873,2.8814431729294943,1.9592614374809916
0.0011871693121693122,2.5999672213846385,1.7995476354681659
0.0011888227513227514,2.7891759438056534,1.9798863305227352
0.0011904761904761906,2.7429723017071876,1.9349418801864815
0.0011921296296296296,3.2428720929208428,2.2252602810468844
0.0011937830687830688,2.9793178007785768,2.0688751634865823
0.001195436507936508,2.8687819860457893,1.9107025501127715
0.0011970899470899472,3.1769501076624156,2.1516852436583442
0.0011987433862433864,3.108118589271058,2.096511759881194
0.0012003968253968254,3.323656213980863,2.2670251139752224
0.0012020502645502646,2.953655671715111,2.084675080251958
0.0012037037037037038,3.398284805047676,2.3199156766072933
0.001205357142857143,3.1064061755175003,2.179433500297261
0.001207010582010582,2.9341622082202514,2.0267636346705
0.0012086640211640212,3.3171249501647653,2.271178418967976
0.0012103174603174604,3.514118854947455,2.3117005741096737
0.0012119708994708996,4.010111270824111,2.63948995170079
0.0012136243386243386,3.3241355771590744,2.305805930319703
0.0012152777777777778,3.09879029735921,2.1365365205782187
0.001216931216931217,3.249625180627593,2.2672088788040834
0.0012185846560846562,3.220050938653305,2.253726613431338
0.0012202380952380952,3.2903870753741296,2.2851711235585648
0.0012218915343915344,3.7912101786866383,2.4898542856331085
0.0012235449735449736,4.01847580318212,2.6382004040453935
0.0012251984126984128,3.527803675891616,2.4522744615571472
0.0012268518518518518,2.767694906512545,1.9190455086807656
0.001228505291005291,3.1558322583747658,2.195229222597129
0.0012301587301587302,3.351610516951929,2.347151851070325
0.0012318121693121694,3.2418539357395115,2.258687943899586
0.0012334656084656086,3.65465083084114,2.4365707988104255
0.0012351190476190476,3.8919223721695886,2.5879189437854215
0.0012367724867724868,3.3508721204730056,2.3658924531863725
0.001238425925925926,2.743695649850846,1.9076117329953024
0.0012400793650793652,2.9134393863696677,2.012345034029422
0.0012417328042328042,3.0840661782463945,2.129583570559273
0.0012433862433862434,3.307476812286773,2.2974203185449293
0.0012450396825396826,3.275047865043052,2.2115132233246477
0.0012466931216931218,3.5671240629215153,2.3865505472269946
0.0012483465608465608,3.008553486730696,2.1620195035268748
0.00125,2.637337809929767,1.8420425176715631
0.0012516534391534392,2.6443814097077647,1.793489994227053
0.0012533068783068784,2.759787461240701,1.8903507146255532
0.0012549603174603174,3.407472796042191,2.319462168684004
0.0012566137566137566,3.1410330752361335,2.122117768443235
0.0012582671957671958,3.099848833379963,2.0919522424903074
0.001259920634920635,2.6458168653592637,1.8863702986024742
0.001261574074074074,2.459814514491195,1.7360355653569122
0.0012632275132275132,2.422939497897655,1.633694789628845
0.0012648809523809524,2.470193200817034,1.651255487261752
0.0012665343915343916,3.0129482257789526,2.024920191995616
0.0012681878306878306,3.0905048834054596,2.0865857208416156
0.0012698412698412698,2.812725423722024,1.8958615878691318
0.001271494708994709,2.6685725214204012,1.8670427609515123
0.0012731481481481483,2.2318945944689164,1.5831644379964076
0.0012748015873015875,2.437964626228749,1.6686637282554502
0.0012764550264550264,2.4070274149966733,1.6063384119962718
0.0012781084656084657,2.641637736860682,1.7744705962290825
0.0012797619047619049,2.744747957402582,1.8778768118083233
0.001281415343915344,2.9533561547964693,2.0144771378059727
0.001283068783068783,2.7381260087008052,1.8983839835488707
0.0012847222222222223,2.5994786842616846,1.7966861773072722
0.0012863756613756615,2.6171269307569727,1.8144681585416758
0.0012880291005291007,2.939723310372866,2.05027551751736
0.0012896825396825397,2.6760047802986575,1.847121482918528
0.0012913359788359789,2.6368862017330685,1.8591805750502388
0.001292989417989418,3.1684116852142723,2.1944534120321473
0.0012946428571428573,3.0449292859062638,2.12714860333379
0.0012962962962962963,2.83547929190696,1.956462955186696
0.0012979497354497355,2.8263197116403798,1.954018909183047
0.0012996031746031747,3.394943440391974,2.4255290524570343
0.0013012566137566139,3.1313600288300694,2.1929132195571692
0.0013029100529100529,2.670819430977373,1.9010684875038808
0.001304563492063492,3.1211843375372728,2.2532760179484557
0.0013062169312169313,3.335162408965646,2.325327309547036
0.0013078703703703705,2.80379149964153,1.943834312795341
0.0013095238095238097,2.6942160105436868,1.877660351647454
0.0013111772486772487,3.0878717782546388,2.1947407418781344
0.0013128306878306879,3.1413660708169187,2.1917406888676343
0.001314484126984127,2.8406611858809305,1.993596747526356
0.0013161375661375663,2.846590460161548,2.1134525877409036
0.0013177910052910053,3.3935505859733643,2.3734859104610027
0.0013194444444444445,2.9679034717467214,2.0645185084167665
0.0013210978835978837,2.5036554972009704,1.7555383278814776
0.001322751322751323,2.7905270765503194,1.9249865293578505
0.0013244047619047619,2.7304396892835054,1.8652007465399032
0.001326058201058201,2.694577825666107,1.8827776982135562
0.0013277116402116403,2.732927256147334,1.9858685350265457
0.0013293650793650795,3.2975382060939937,2.3076792517787625
0.0013310185185185185,2.9058149347620894,2.019785605984701
0.0013326719576719577,2.5651853827406756,1.84039778739176
0.001334325396825397,2.806135221816782,1.9126440453590863
0.001335978835978836,2.561225576889989,1.6897900128630996
0.001337632275132275,2.680875182801077,1.8420829465650994
0.0013392857142857143,2.855881255019625,2.011641674320408
0.0013409391534391535,3.143387185187703,2.177373062596221
0.0013425925925925927,2.66218920019302,1.8307458088167101
0.0013442460317460317,2.3559925701425333,1.7025193399431493
0.001345899470899471,2.84600113776765,1.9471916401421867
0.00134755291005291,2.8322473911373787,1.8770670451904161
0.0013492063492063493,2.9738643309464248,2.003572773868436
0.0013508597883597885,3.0583262728684626,2.095236453397115
0.0013525132275132275,2.9777031400694893,2.0552561839005703
0.0013541666666666667,2.7696321902615546,1.880207233856718
0.001355820105820106,2.556464236226124,1.7567157747895867
0.0013574735449735451,2.5123418171969165,1.7104669566985506
0.0013591269841269841,3.0858941028753013,2.0867358694696736
0.0013607804232804233,3.4864741743502954,2.3842325521762873
0.0013624338624338625,3.206896899103756,2.1852036815037614
0.0013640873015873017,3.0319077178609515,2.050061539047058
0.0013657407407407407,2.8701540212281493,1.9571712719231167
0.00136739417989418,2.977034650367874,1.9709365749277112
0.0013690476190476191,2.473466968236229,1.6460135035786185
0.0013707010582010583,3.0530144453966943,2.1278232003646886
0.0013723544973544973,3.5139221384517465,2.4087484526508005
0.0013740079365079365,3.3167878533852475,2.2819893890250817
0.0013756613756613757,2.9505303943222545,1.994923372930517
0.001377314814814815,2.9227071617993685,1.9931796385431075
0.001378968253968254,3.079527730300557,2.0698945989805715
0.0013806216931216931,2.433024023741146,1.6346811148750584
0.0013822751322751323,2.6695680450474435,1.864788056401567
0.0013839285714285715,3.2021973042518557,2.1711192043609078
0.0013855820105820107,3.10408924193945,2.116589794157634
0.0013872354497354497,2.7182694483124266,1.863786876708589
0.001388888888888889,2.8224773126698652,1.9461958057509048
0.0013905423280423281,2.821021334259113,1.959989907316924
0.0013921957671957674,2.3347930590814694,1.6124098772273197
0.0013938492063492063,2.6200338519611988,1.8109174136953796
0.0013955026455026455,2.635282444571556,1.7535613119368494
0.0013971560846560848,2.8262316261350686,1.875095781218657
0.001398809523809524,2.6480318568105834,1.8299191674417186
0.001400462962962963,2.6682375724941285,1.8477703154011371
0.0014021164021164022,2.617584407640485,1.8242212328211187
0.0014037698412698414,2.455328902295178,1.7681830728390244
0.0014054232804232806,2.9133550206316468,2.059006297368893
0.0014070767195767196,2.6393587798918885,1.7175412177545077
0.0014087301587301588,2.724906624537316,1.7622794223762666
0.001410383597883598,2.7282785519296544,1.865706842958985
0.0014120370370370372,2.834520209297427,1.9513820144770961
0.0014136904761904762,2.6252457969781893,1.8498585258587152
0.0014153439153439154,2.505191770357578,1.8190486337784793
0.0014169973544973546,3.0723545827648473,2.1901408799131197
0.0014186507936507938,2.9893284937636726,1.9922247335550358
0.0014203042328042328,2.6516457919527294,1.6866023869897147
0.001421957671957672,2.8559281561743033,1.94280194289996
0.0014236111111111112,3.073209092204759,2.1291774911170926
0.0014252645502645504,2.7610042834130315,1.9455484656609157
0.0014269179894179896,2.4328201318162654,1.7553563584733027
0.0014285714285714286,2.9972963139505735,2.1440046588129893
0.0014302248677248678,3.121416319922823,2.1356202249025396
0.001431878306878307,2.5678092729923514,1.6568443349262514
0.0014335317460317462,2.5534374586487787,1.7050711364810431
0.0014351851851851852,2.9570975600636427,2.0806169826123915
0.0014368386243386244,2.8835880150496838,2.0120166633072003
0.0014384920634920636,2.185674760741928,1.5516933497806513
0.0014401455026455028,2.900598551484239,2.085794505082008
0.0014417989417989418,3.033383402624202,2.159919227871612
0.001443452380952381,2.566644300719218,1.7511042000258552
0.0014451058201058202,2.508008940009405,1.696631512734736
0.0014467592592592594,2.714691723147539,1.913367526902499
0.0014484126984126984,2.506845339646516,1.7460585178500754
0.0014500661375661376,2.0358909593618133,1.3975102387199099
0.0014517195767195768,2.7257009484409345,1.9299420330975763
0.001453373015873016,2.9000654625046125,2.125790281298138
0.001455026455026455,2.735141956679026,1.937632191045457
0.0014566798941798942,2.683588202684057,1.9064472850778413
0.0014583333333333334,2.5278001807628487,1.8199206130054817
0.0014599867724867726,2.512476724254698,1.7047218682457657
0.0014616402116402116,2.287215296228891,1.537081077368991
0.0014632936507936508,2.539485787204523,1.7530431764635546
0.00146494708994709,2.872726702365556,2.0636157278322784
0.0014666005291005292,2.9352748908950317,2.096874471390766
0.0014682539682539684,3.1430046621048704,2.2285626739559987
0.0014699074074074074,2.776294286004553,1.9700769418498765
0.0014715608465608466,2.4625876987921056,1.6430387019737003
0.0014732142857142858,2.3963602398307295,1.606312354216914
0.001474867724867725,2.728099316253696,1.8558092031865336
0.001476521164021164,3.0160962350846243,2.10797953111357
0.0014781746031746032,3.150408755074175,2.2250208461329706
0.0014798280423280424,3.1465730176336155,2.2174195750494103
0.0014814814814814816,2.8467673450815996,1.9810000440000568
0.0014831349206349206,2.5990575946629324,1.7388349661760694
0.0014847883597883598,2.260244784774394,1.5354495649668183
0.001486441798941799,2.71286993661451,1.8694963746290925
0.0014880952380952382,2.864441461276603,2.0349848740540004
0.0014897486772486772,3.0735229258196677,2.162959025410325
0.0014914021164021164,2.8680983872415307,2.0369121996459323
0.0014930555555555556,2.3924012903408585,1.6849859382589198
0.0014947089947089948,2.423456101572952,1.6705914583948347
0.0014963624338624338,2.24501062471257,1.59590826547862
0.001498015873015873,2.4882389043200313,1.738248800105675
0.0014996693121693122,2.7236027389510262,1.9511575201383855
0.0015013227513227514,2.64056878278805,1.8854393474602826
0.0015029761904761906,2.5393704829960693,1.8515555038147808
0.0015046296296296296,2.1691562544856273,1.5911421382383188
0.0015062830687830688,2.013959376565296,1.427732780960844
0.001507936507936508,2.173749559546472,1.5433064110998114
0.0015095899470899472,2.311913570585107,1.626850122383616
0.0015112433862433862,2.469735906878407,1.7386881091590112
0.0015128968253968254,2.411586377096968,1.7115600142980218
0.0015145502645502646,2.3150310610905827,1.6882248819235424
0.0015162037037037039,2.0450371540676793,1.5279813469308599
0.0015178571428571428,1.9244783170280269,1.3638128424047808
0.001519510582010582,2.0272099906594865,1.4365395082106192
0.0015211640211640213,2.1370590482268312,1.4605400439217626
0.0015228174603174605,2.3164697266363485,1.5823732358400124
0.0015244708994708994,2.3288986472894124,1.6384653565347278
0.0015261243386243387,2.0801324256143676,1.4809923683971327
0.0015277777777777779,2.145217727044637,1.5489136134032864
0.001529431216931217,2.1942985431438045,1.5078500795365313
0.001531084656084656,2.0943509662902655,1.4646470562223544
0.0015327380952380953,2.002859964482761,1.3913542324524946
0.0015343915343915345,2.19656460664993,1.4951778039918406
0.0015360449735449737,2.3388208207079852,1.6123670922487656
0.0015376984126984127,2.3500902981817053,1.6152608786949816
0.0015393518518518519,2.390335871565373,1.6895469327551924
0.001541005291005291,2.5431181322353726,1.7551501724529224
0.0015426587301587303,2.1995579399786176,1.5074414897505541
0.0015443121693121695,1.968429252660417,1.3683504879653128
0.0015459656084656085,2.0321411597027708,1.4183319960877128
0.0015476190476190477,2.3438921843420757,1.5977872903833354
0.0015492724867724869,2.688423875108795,1.8428674451389861
0.001550925925925926,2.559579477123406,1.7938177641949797
0.001552579365079365,2.507870629108545,1.7137752123096623
0.0015542328042328043,2.01719865692333,1.386488269174626
0.0015558862433862435,1.9232269239077322,1.3284832544418879
0.0015575396825396827,1.949533140637106,1.3600105989536362
0.0015591931216931217,2.019075784145833,1.3832623212536475
0.0015608465608465609,2.4327494195263837,1.6682594397207675
0.0015625,2.380385054144665,1.682988968098669
0.0015641534391534393,2.1516423349091336,1.4581459010910363
0.0015658068783068783,1.793764811071956,1.186909960313627
0.0015674603174603175,1.8356631118746642,1.2590625763429848
0.0015691137566137567,1.7630506861697504,1.2308386768549833
0.001570767195767196,1.84078973848161,1.2589916229265434
0.0015724206349206349,2.1693622386290796,1.5093555767871276
0.001574074074074074,1.9022217557981898,1.344129864566437
0.0015757275132275133,1.8219049843274073,1.2552874064614672
0.0015773809523809525,1.8958419283394878,1.2634170857170257
0.0015790343915343917,1.8936182769505674,1.2991367585472966
0.0015806878306878307,1.748357754168969,1.212052519327718
0.00158234126984127,1.8081620220156975,1.2634122019446352
0.001583994708994709,2.1013145911285296,1.4333690068651563
0.0015856481481481483,1.9424967894160567,1.343015903679724
0.0015873015873015873,1.9867678706942475,1.3949786894268712
0.0015889550264550265,1.9875683271711835,1.3471028732190962
0.0015906084656084657,1.9652945416311405,1.3791904304158005
0.001592261904761905,1.8775039782101215,1.3202932738508204
0.001593915343915344,2.0306635499008148,1.4388811583465946
0.0015955687830687831,2.1220424348681473,1.4161951530766033
0.0015972222222222223,1.9654309443465399,1.311688009094844
0.0015988756613756615,2.243619766496391,1.5508836031281228
0.0016005291005291005,2.0815922080151767,1.4190321305557163
0.0016021825396825397,1.8698515419763395,1.3098338054758776
0.001603835978835979,2.0789129434569062,1.4698859570314324
0.0016054894179894181,2.087040072488735,1.4625720200870427
0.0016071428571428571,2.019662683086963,1.3435971920005059
0.0016087962962962963,1.8812122655270371,1.2636656174122236
0.0016104497354497355,2.198104145160423,1.4819809783137838
0.0016121031746031747,2.145116110437927,1.462148392568431
0.0016137566137566137,1.7769567047654482,1.250692001694149
0.001615410052910053,2.059120899580654,1.4275784991935714
0.0016170634920634921,2.0669907920805226,1.3917074528185964
0.0016187169312169313,1.8876967413226735,1.274610277644614
0.0016203703703703705,1.7839193925075754,1.2245316357199747
0.0016220238095238095,1.935491653857319,1.2913866432007197
0.0016236772486772487,2.143232147899421,1.4482605243399544
0.001625330687830688,1.8477251853442676,1.315298186502917
0.0016269841269841271,2.0219080042715625,1.3979051724169573
0.0016286375661375661,1.957743326331427,1.2922989253438928
0.0016302910052910053,1.8493598001127793,1.2536857159108685
0.0016319444444444445,1.705673741062746,1.1846617350082407
0.0016335978835978838,1.7748736623964334,1.1829940115508024
0.0016352513227513227,1.9511992197041967,1.334521640084291
0.001636904761904762,1.893378213425233,1.3408431530998248
0.0016385582010582011,1.9580784176291428,1.3757603016175595
0.0016402116402116404,1.7890801036256472,1.2010926870575016
0.0016418650793650793,1.923139862891015,1.3014680126700064
0.0016435185185185185,1.790679269685965,1.2327446640178479
0.0016451719576719578,1.7774416588906157,1.2076772629547152
0.001646825396825397,1.7944100129820209,1.2635643352220847
0.001648478835978836,1.8989517292123068,1.333291825292427
0.0016501322751322752,1.8994738787468666,1.3269136671590616
0.0016517857142857144,1.7158330918563864,1.1948222628858793
0.0016534391534391536,1.9613089079330075,1.3442012308607496
0.0016550925925925928,2.0590299549700863,1.4027389529732892
0.0016567460317460318,1.9900080905150999,1.3853405095559577
0.001658399470899471,1.8244597948160572,1.2999853921484856
0.0016600529100529102,2.103778103351872,1.445949315198212
0.0016617063492063494,2.0366187465545544,1.3974510236855338
0.0016633597883597884,1.8294002840590204,1.277237241724326
0.0016650132275132276,1.850451179755911,1.2895245225951983
0.0016666666666666668,2.1452636232269224,1.4730475551476627
0.001668320105820106,2.1695557625043453,1.4899232768949284
0.001669973544973545,2.0250517918588704,1.4399939392047876
0.0016716269841269842,2.390886086741811,1.6146034687404043
0.0016732804232804234,2.0928189860903395,1.4450686509708675
0.0016749338624338626,1.9077347392517547,1.324350978979726
0.0016765873015873016,1.9543855488797812,1.356381238694902
0.0016782407407407408,2.0479794442239796,1.4042204757461556
0.00167989417989418,2.100797967612032,1.3945034844236925
0.0016815476190476192,2.139332486411211,1.4962677133063662
0.0016832010582010582,2.2488558855581084,1.5309305277602019
0.0016848544973544974,2.050403490702756,1.417653584574693
0.0016865079365079366,1.9591696523643989,1.3836211537454344
0.0016881613756613758,2.0424218076114884,1.457193869598309
0.0016898148148148148,2.1293294900706465,1.4574500996227087
0.001691468253968254,2.1300137921097915,1.4090225947691868
0.0016931216931216932,2.1200602745398514,1.423096450959435
0.0016947751322751324,2.041350104769957,1.405874858192995
0.0016964285714285716,1.9813291765038976,1.4016968293332228
0.0016980820105820106,1.7906481148445765,1.3102129739233208
0.0016997354497354498,1.992510148881553,1.4397907466783284
0.001701388888888889,2.1610181466512737,1.4868855084590158
0.0017030423280423282,2.4040953389477213,1.6305176358362967
0.0017046957671957672,2.3167370454041576,1.5625120734308775
0.0017063492063492064,1.8877523900025353,1.3023171417217503
0.0017080026455026456,1.8060960161823525,1.2649204868867732
0.0017096560846560848,1.811442380833885,1.298633392568935
0.0017113095238095238,1.8208155109311344,1.3046058460902714
0.001712962962962963,2.100148365443309,1.4415062474666567
0.0017146164021164022,2.5192628260865897,1.754047953572448
0.0017162698412698414,2.4828030331118556,1.6972322694048771
0.0017179232804232804,2.0123026381977214,1.3400766030882816
0.0017195767195767196,1.8325894377727123,1.2711700825182026
0.0017212301587301588,1.6853170462572578,1.1556569375007069
0.001722883597883598,1.7431655255463712,1.1880508164908008
0.001724537037037037,2.1160827707143057,1.4299598207382969
0.0017261904761904762,2.5139372872204637,1.7477832759123444
0.0017278439153439154,2.604618949157971,1.7588117884685945
0.0017294973544973546,2.1103253581552766,1.4116151580968455
0.0017311507936507936,1.9063567976268603,1.2958041213329978
0.0017328042328042328,1.7519730206524557,1.1825940769025962
0.001734457671957672,1.8479998916214826,1.2484919242095467
0.0017361111111111112,1.9972231900626747,1.3153479400888761
0.0017377645502645504,2.444715142298575,1.6532283628419266
0.0017394179894179894,2.5192948796140278,1.708258114933219
0.0017410714285714286,2.1843567901932786,1.4650489645243403
0.0017427248677248678,1.9296197364901255,1.311046104055604
0.001744378306878307,1.857366744153648,1.2726027986049429
0.001746031746031746,2.0234374943605933,1.351189896645033
0.0017476851851851852,1.8686301974792365,1.233190620402435
0.0017493386243386244,2.251157037663161,1.5162328422740219
0.0017509920634920636,2.303742705876646,1.575614027634385
0.0017526455026455026,2.1873114681003067,1.5019417544608773
0.0017542989417989418,1.9704587667027216,1.3337899493296905
0.001755952380952381,1.8401954757456462,1.2274365691459075
0.0017576058201058203,2.080910470375766,1.3706491068757956
0.0017592592592592592,1.7953524597010047,1.2044569814128205
0.0017609126984126984,2.0721400745024097,1.42015197164373
0.0017625661375661377,2.173824198131789,1.5001461964410283
0.0017642195767195769,2.0104299668153907,1.409992398478448
0.0017658730158730158,2.0194564708120293,1.372608491832703
0.001767526455026455,1.9648233635743657,1.2666464079732076
0.0017691798941798943,1.8345048984599872,1.195043293163551
0.0017708333333333335,1.7201728627997963,1.1650317268742292
0.0017724867724867727,1.8188061549209393,1.260864451436432
0.0017741402116402117,2.111302347610293,1.4356642962445938
0.0017757936507936509,2.124104280644418,1.4891844229580569
0.00177744708994709,1.944900742495124,1.3397029355879562
0.0017791005291005293,1.9103076766853082,1.256430578596239
0.0017807539682539683,1.8140567666805127,1.1825427579479508
0.0017824074074074075,1.4171040789650575,0.9429688706127937
0.0017840608465608467,1.6291792915017043,1.1209970579481838
0.0017857142857142859,2.0544077090398165,1.393842305474752
0.0017873677248677249,2.335759120717557,1.6158365141285569
0.001789021164021164,1.955251595190685,1.3626618385348888
0.0017906746031746033,1.8520938072621704,1.2347506829828219
0.0017923280423280425,1.8814865051550465,1.2406848393091898
0.0017939814814814815,1.5243572916239367,0.984909146626226
0.0017956349206349207,1.4902204193962607,1.0144045267750654
0.0017972883597883599,2.051648324872372,1.4111923163827433
0.001798941798941799,2.434163643978148,1.654396519841279
0.001800595238095238,2.0619648485383215,1.4512823791577403
0.0018022486772486773,1.7636783335128539,1.2073198971101993
0.0018039021164021165,1.8850992828742903,1.257890160458569
0.0018055555555555557,1.8868638463909977,1.214375960904258
0.0018072089947089947,1.6421493825595261,1.0865666466220647
0.0018088624338624339,2.124703240605141,1.4544341944324244
0.001810515873015873,2.33362892576549,1.5812584351985137
0.0018121693121693123,2.0209248303483385,1.3935959364325397
0.0018138227513227515,1.6691975836327948,1.1860786309619602
0.0018154761904761905,1.8918937416579715,1.2953870887188268
0.0018171296296296297,2.0288420325411085,1.3445348885359452
0.001818783068783069,1.7869474447069529,1.176231259507216
0.001820436507936508,1.9874243074129638,1.3482385749614563
0.001822089947089947,2.1726492587404835,1.4586938701921215
0.0018237433862433863,1.988379898281913,1.347678886331588
0.0018253968253968255,1.6986818580590384,1.1767390041600252
0.0018270502645502647,1.826968432653131,1.255585268785862
0.0018287037037037037,1.9653261396742152,1.3628432295786324
0.001830357142857143,1.810939457641435,1.2289721729649425
0.001832010582010582,1.7423041796675682,1.1767447727672264
0.0018336640211640213,1.9692394752464273,1.335134378722725
0.0018353174603174603,2.0098469445329115,1.394535857998744
0.0018369708994708995,1.8523313390596676,1.2255657073643231
0.0018386243386243387,1.6946978499351415,1.1477321346451268
0.001840277777777778,1.9512097749890729,1.3581123697709634
0.001841931216931217,1.864409088343437,1.297197207011094
0.0018435846560846561,1.6362466101202648,1.1398168502840687
0.0018452380952380953,1.8503759790414682,1.2767360554280842
0.0018468915343915345,1.9911367982759416,1.4184749515626873
0.0018485449735449737,1.9483020837092315,1.280761171209474
0.0018501984126984127,1.6618410801441668,1.111776439380315
0.001851851851851852,1.7365984109817871,1.2031588145104029
0.0018535052910052911,1.9526280439605674,1.3756509413804223
0.0018551587301587303,1.711557753426209,1.21957448172536
0.0018568121693121693,1.7887237916820922,1.2796508708145276
0.0018584656084656085,1.9996516239350626,1.3801007321383238
0.0018601190476190477,1.8528182828991897,1.2513959975265698
0.001861772486772487,1.7149952462694014,1.149203642312853
0.001863425925925926,1.6062106389115425,1.1128433280483108
0.0018650793650793651,1.6780486638653622,1.1895760712848995
0.0018667328042328043,1.7914561208153632,1.3011701863855485
0.0018683862433862435,1.6423017309850791,1.177365167044771
0.0018700396825396825,2.0012477857652486,1.339643156866249
0.0018716931216931217,1.8418806358740287,1.2756636146797797
0.001873346560846561,1.6514159519351952,1.1525043185583517
0.0018750000000000001,1.5740048020233752,1.0834202999831561
0.0018766534391534391,1.4820495018743727,1.013241583138295
0.0018783068783068783,1.7801882786127086,1.262686508009019
0.0018799603174603175,1.6454482171704266,1.128349047188719
0.0018816137566137568,1.7044174332343731,1.1304195735163278
0.0018832671957671957,1.7553700259356506,1.2388091751840213
0.001884920634920635,1.6763809086704788,1.1781968262267264
0.0018865740740740742,1.597200797373152,1.099379495580452
0.0018882275132275134,1.475321442753757,0.9802222500027292
0.0018898809523809526,1.5476431351171556,1.0743592200678165
0.0018915343915343916,1.5842906041798201,1.0345770683862303
0.0018931878306878308,1.533108712543502,0.9997937902601555
0.00189484126984127,1.6117136791717925,1.1384319602252713
0.0018964947089947092,1.5921772736997937,1.1133882466761307
0.0018981481481481482,1.6780798491350646,1.1510595899365732
0.0018998015873015874,1.4624015325627895,0.9517135321354583
0.0019014550264550266,1.3372356176514282,0.9102744964092132
0.0019031084656084658,1.514020280052981,1.0071439346992224
0.0019047619047619048,1.517961997545274,1.0342243273331486
0.001906415343915344,1.4603051786124073,1.0361159801746505
0.0019080687830687832,1.5458598245199895,1.0937898852898988
0.0019097222222222224,1.7235801932610013,1.1842365684552847
0.0019113756613756614,1.5496250335607435,0.9697091859302861
0.0019130291005291006,1.3580469976611125,0.9088601453790293
0.0019146825396825398,1.6103649169666574,1.1424860374540105
0.001916335978835979,1.5342700850494095,1.0810954190135786
0.001917989417989418,1.6522436761704509,1.1639496211797251
0.0019196428571428572,1.6708513256676756,1.1752610258789478
0.0019212962962962964,1.6992153630252853,1.2137239394886314
0.0019229497354497356,1.6377336085476681,1.041453981825943
0.0019246031746031748,1.4083160099789975,0.9161278875036463
0.0019262566137566138,1.7577210664990803,1.2532697083989326
0.001927910052910053,1.6387540931396927,1.1637599588165262
0.0019295634920634922,1.7324862043676503,1.2277239144752432
0.0019312169312169314,1.856401349922966,1.2724373351819174
0.0019328703703703704,1.736215224816328,1.2453642798286813
0.0019345238095238096,1.6662013282202137,1.1279948858499758
0.0019361772486772488,1.467576954992922,0.9712260066580923
0.001937830687830688,1.696100475788968,1.186966253616368
0.001939484126984127,1.6157603435074461,1.1359596842395348
0.0019411375661375662,1.6518647829221265,1.1725348638791755
0.0019427910052910054,1.7823876477207592,1.220959179810823
0.0019444444444444446,1.8094603326612526,1.2562760560490358
0.0019460978835978836,1.7924446705636916,1.2470779165115942
0.0019477513227513228,1.567276632470669,1.1077754697730042
0.001949404761904762,1.5422765044521285,1.089156974022112
0.0019510582010582012,1.6512980567584632,1.13391433026027
0.0019527116402116402,1.6040386490744751,1.1309478121433214
0.0019543650793650796,1.6532187555529472,1.126393080157534
0.0019560185185185184,1.8573464666102202,1.2498103263703404
0.0019576719576719576,1.9003773736185172,1.3214721544935686
0.001959325396825397,1.6208502252654977,1.172797532858148
0.001960978835978836,1.4835880437189848,1.0539044253309715
0.001962632275132275,1.666318802220915,1.1311168365613435
0.0019642857142857144,1.7017466403197572,1.1733251227627848
0.0019659391534391536,1.5187035477781334,1.0463892688026102
0.001967592592592593,1.7980386402846995,1.1958630094547913
0.001969246031746032,1.852936013291125,1.2609476160123936
0.001970899470899471,1.5338834210144494,1.0938971191081002
0.00197255291005291,1.4225167487324155,1.005940134618263
0.0019742063492063492,1.716005617309395,1.1516426307131886
0.0019758597883597884,1.6522152548025661,1.1164648218306175
0.0019775132275132276,1.397687157872798,0.9696618400308605
0.001979166666666667,1.5419536317772802,1.0541138695885868
0.001980820105820106,1.8309175186531101,1.2111255011093465
0.0019824735449735452,1.4380437720928254,0.9959977140312247
0.001984126984126984,1.3153966551100715,0.9097933364721412
0.0019857804232804232,1.7870753600167568,1.203777621281525
0.0019874338624338624,1.7176291018075733,1.18048789379535
0.0019890873015873016,1.244514484703514,0.867725696163015
0.001990740740740741,1.503630435888748,1.0445813462580238
0.00199239417989418,1.846546194138962,1.2456999367490982
0.0019940476190476192,1.5445165220295984,1.0481100394884093
0.0019957010582010585,1.3018152843245965,0.8725067658415243
0.0019973544973544972,1.6876150321724273,1.1208759566420978
0.0019990079365079364,1.808969551508759,1.2407633885006968
0.0020006613756613756,1.404141074166754,1.0044250034055637
0.002002314814814815,1.4143130097949435,1.0083292706678362
0.002003968253968254,1.8315277901056513,1.260806314575637
0.0020056216931216933,1.6347477904064354,1.1144724841328684
0.0020072751322751325,1.5459770943334357,1.025091850228729
0.0020089285714285717,1.6227907205314278,1.0585231021515424
0.002010582010582011,1.6578046043822945,1.128759863490468
0.0020122354497354496,1.4024690879277626,0.9962125306766434
0.002013888888888889,1.489387738394508,1.0652684394253509
0.002015542328042328,1.515233631985154,1.0706985113025467
0.0020171957671957673,1.5333208507681741,1.0349597706071298
0.0020188492063492065,1.7756236039969195,1.1739190996417537
0.0020205026455026457,1.8455222874640596,1.2000277161588186
0.002022156084656085,1.5822263712638869,1.0650772983748198
0.002023809523809524,1.2828354805571425,0.9111577208883953
0.002025462962962963,1.4289914767417013,1.0358179251213215
0.002027116402116402,1.3606984680503984,0.9712455092082348
0.0020287698412698413,1.3901254592080468,0.9413158108569608
0.0020304232804232805,1.8307367148293618,1.2036017382194633
0.0020320767195767197,2.0064037938015797,1.3119789397349322
0.002033730158730159,1.6729052087368745,1.1203669669034821
0.002035383597883598,1.4129636055204398,0.9854332124934087
0.0020370370370370373,1.4062824130613745,1.0481624435788803
0.002038690476190476,1.329501276763622,0.9593853379531755
0.0020403439153439153,1.491689685058884,1.0279024517557311
0.0020419973544973545,1.7010672989557845,1.1215916964084505
0.0020436507936507937,1.9267641292428679,1.2604641141432043
0.002045304232804233,1.7623523177127203,1.1868428376673676
0.002046957671957672,1.5723335786515704,1.1105967475659762
0.0020486111111111113,1.6427770801121024,1.191708396458057
0.0020502645502645505,1.408992752929734,0.988616900753544
0.0020519179894179897,1.6413776456268794,1.1490877045385575
0.0020535714285714285,1.6339187736765106,1.0867922374521066
0.0020552248677248677,1.6046261985316692,1.0396595104193382
0.002056878306878307,1.6784334856889263,1.1202887856781671
0.002058531746031746,1.7198924927907098,1.211753650908834
0.0020601851851851853,1.9404708693394652,1.3874763714893172
0.0020618386243386245,1.5187512623445982,1.0361182731200478
0.0020634920634920637,1.6616117576099614,1.1471372352037938
0.002065145502645503,1.587943797293106,1.0756825249317106
0.0020667989417989417,1.4721217140895684,0.9533448111056402
0.002068452380952381,1.633404184674427,1.0724521176830688
0.00207010582010582,1.6460735765692973,1.1715488368214286
0.0020717592592592593,1.8824556941177923,1.3330372853420966
0.0020734126984126985,1.6969285162948555,1.1355678351222878
0.0020750661375661377,1.6115913990080752,1.1158742541445381
0.002076719576719577,1.688749113772834,1.1615443876622134
0.002078373015873016,1.40967680787049,0.9458159585737466
0.0020800264550264553,1.5538504781234912,1.0419780668611887
0.002081679894179894,1.5852337766132605,1.0783030692853715
0.0020833333333333333,1.7274433499099073,1.1906001768176289
0.0020849867724867725,1.6652666786902983,1.1257648587922682
0.0020866402116402117,1.6176535215089825,1.125270907060418
0.002088293650793651,1.6688976299790859,1.1812538375837671
0.00208994708994709,1.4250811675503154,0.9867937082178477
0.0020916005291005293,1.4505386870715944,0.9828176128191973
0.0020932539682539685,1.5887583875701716,1.0597250617836347
0.0020949074074074073,1.6642582099212178,1.0994998665236846
0.0020965608465608465,1.5566121586997468,1.0652183787528238
0.0020982142857142857,1.5728398741165992,1.063444395701743
0.002099867724867725,1.6403588741961326,1.169833457661699
0.002101521164021164,1.5568513129842094,1.0999998937887918
0.0021031746031746033,1.3158297829206689,0.9395164931890837
0.0021048280423280425,1.5396438179659753,1.0343710846276832
0.0021064814814814817,1.8114162910782654,1.1553518321420544
0.0021081349206349205,1.7083147718850822,1.163911189823851
0.0021097883597883597,1.4598222210557834,0.9670974794297096
0.002111441798941799,1.5955877724878127,1.146947768070525
0.002113095238095238,1.728519782039015,1.209134676175696
0.0021147486772486773,1.4364430667056924,1.0008472307210206
0.0021164021164021165,1.4989872196597325,1.0507317140305164
0.0021180555555555558,1.9498833803632127,1.2873719859164958
0.002119708994708995,1.9510903958952253,1.3453064878075696
0.002121362433862434,1.5687336068867594,1.0725141548941952
0.002123015873015873,1.5297834423352124,1.1039512444266495
0.002124669312169312,1.7168172644994997,1.196388992046945
0.0021263227513227513,1.7831709812850034,1.188839409403588
0.0021279761904761905,1.4751724097949976,1.053656236181837
0.0021296296296296298,1.8927622429115594,1.3111826869311072
0.002131283068783069,1.8865727759610764,1.3456013769872774
0.002132936507936508,1.6922615565033985,1.182186374063855
0.0021345899470899474,1.6898570243782585,1.2114841505616587
0.002136243386243386,1.7261692544211744,1.227797750885041
0.0021378968253968253,1.901769287407046,1.2447039139108684
0.0021395502645502646,1.540694241915758,1.0805447931820462
0.0021412037037037038,1.5429023979045096,1.0827609266136502
0.002142857142857143,1.6348965990004627,1.1836742152696695
0.002144510582010582,1.7437369872583297,1.1950753462992185
0.0021461640211640214,1.641133353009239,1.1455812435621877
0.0021478174603174606,1.8350695361584481,1.2747016131888405
0.0021494708994708994,1.9047365051232075,1.2678394984034795
0.0021511243386243386,1.525767298249039,1.0556713086858338
0.0021527777777777778,1.3585729818134908,0.9232568574575254
0.002154431216931217,1.4186797995495783,0.990470045519841
0.002156084656084656,1.7628325809040208,1.1986009577717467
0.0021577380952380954,1.7644926704452844,1.1863666550482816
0.0021593915343915346,1.7652325262089419,1.1888142019063883
0.002161044973544974,1.6621855963231094,1.1163998247223605
0.002162698412698413,1.3881488980228889,0.9469426329431198
0.0021643518518518518,1.511693837979577,1.0392125836922206
0.002166005291005291,1.494396347171335,1.025114737020761
0.00216765873015873,1.639903385949897,1.107968913669664
0.0021693121693121694,1.8072916324297363,1.1793319990955242
0.0021709656084656086,1.789716340678112,1.1705217595739912
0.002172619047619048,1.643822781787156,1.10157289143334
0.002174272486772487,1.3375930106408993,0.9250980464682119
0.002175925925925926,1.441003733342232,1.0098191038372826
0.002177579365079365,1.482052846005116,1.0517095046804747
0.002179232804232804,1.5550138721546367,1.0600032973018108
0.0021808862433862434,1.6702183777109973,1.078829109580216
0.0021825396825396826,1.6286304060730206,1.0440684812495862
0.002184193121693122,1.6688165898394076,1.1027086477600123
0.002185846560846561,1.4545925543792082,1.0102878306106762
0.0021875,1.4356120592751795,1.0126540790095475
0.0021891534391534394,1.3945707630165807,0.9979235525192055
0.002190806878306878,1.437585245720457,0.9884846790507816
0.0021924603174603174,1.4496288354100386,0.9690618354019941
0.0021941137566137566,1.5231217098562206,0.9844682870030346
0.002195767195767196,1.5155893792578923,1.010128963164346
0.002197420634920635,1.4778142607283828,1.0100187861107297
0.002199074074074074,1.4931826427146278,1.0265271744208186
0.0022007275132275134,1.439221886933379,1.0390871917101825
0.0022023809523809526,1.3791866238929646,0.9462833245524219
0.002204034391534392,1.3877879852593282,0.9451718392036582
0.0022056878306878306,1.4896548667346974,0.9803783193100144
0.00220734126984127,1.4773182966630227,0.9897452099681591
0.002208994708994709,1.3583065736437558,0.9428999750657148
0.002210648148148148,1.469031661728386,0.9899673011070075
0.0022123015873015874,1.625690122230726,1.1466506513744603
0.0022139550264550266,1.2915572349734512,0.9068128749757106
0.002215608465608466,1.4070860551688358,0.9520168302734174
0.002217261904761905,1.4813350702193275,0.99269565847474
0.002218915343915344,1.4529317779347226,0.9764608474638946
0.002220568783068783,1.3058009785700866,0.914519788354405
0.0022222222222222222,1.3754567368675332,0.9280185004267005
0.0022238756613756614,1.6638136491452082,1.1344348516086746
0.0022255291005291006,1.402813584089948,0.9652395279609906
0.00222718253968254,1.4069225415731899,0.9650422290717864
0.002228835978835979,1.3913448908903279,0.9180166867282153
0.0022304894179894182,1.387483550538146,0.9362848967414924
0.0022321428571428575,1.2905174039691534,0.9037897767745257
0.0022337962962962962,1.394300330165383,0.919093148726688
0.0022354497354497354,1.514437705960413,0.9908881820325449
0.0022371031746031746,1.4094395587957194,0.9434076229280602
0.002238756613756614,1.5303799962809992,1.0624273694999655
0.002240410052910053,1.2131398544147047,0.8014458346620335
0.0022420634920634923,1.320863213990868,0.8687474510744468
0.0022437169312169315,1.3272851703359898,0.9088471188653565
0.0022453703703703707,1.3510492245741628,0.8783216145224669
0.0022470238095238094,1.421036563586011,0.9060380215930266
0.0022486772486772486,1.4556703503837063,0.956576006650792
0.002250330687830688,1.5203006867240538,1.0636137834991912
0.002251984126984127,1.0884476660072204,0.7424659500675377
0.0022536375661375663,1.1582879540931268,0.7730476565236359
0.0022552910052910055,1.358006996935359,0.8871551055308953
0.0022569444444444447,1.3780248647464064,0.9085862740047603
0.002258597883597884,1.4397633604533702,0.9517654517988461
0.0022602513227513226,1.4885094843074969,1.0019482145968446
0.002261904761904762,1.396714902912436,0.9696713490704344
0.002263558201058201,1.0438597683852744,0.7291160940834231
0.0022652116402116403,1.0737900637623334,0.7266977060159409
0.0022668650793650795,1.3760308304106241,0.9150054520234677
0.0022685185185185187,1.3543088397826304,0.9213954512802593
0.002270171957671958,1.3759252179077555,0.9579192611143033
0.002271825396825397,1.4439991677800514,0.9925736758107035
0.0022734788359788363,1.2672841345142347,0.8730887347956291
0.002275132275132275,1.0984226307934153,0.7691575644221971
0.0022767857142857143,1.0731667332493076,0.7327352576092038
0.0022784391534391535,1.3306435123720532,0.923048010735847
0.0022800925925925927,1.245311487399252,0.8739631700300223
0.002281746031746032,1.1737830807296021,0.833023373739032
0.002283399470899471,1.3378252105339299,0.9195053458955991
0.0022850529100529103,1.1986507191886162,0.82237574539571
0.0022867063492063495,1.2289676190038419,0.8499744018874703
0.0022883597883597883,1.1775530288517582,0.7998768276539887
0.0022900132275132275,1.2148767347411016,0.8262112288986876
0.0022916666666666667,1.1205661369782178,0.795442450425711
0.002293320105820106,0.9668656156893662,0.7118107006911133
0.002294973544973545,1.3062494558242228,0.8887280747194478
0.0022966269841269843,1.191667606456926,0.8137864903006835
0.0022982804232804235,1.286298804755719,0.8795270568828939
0.0022999338624338627,1.264071333963599,0.8577650008506035
0.0023015873015873015,1.2031423463119255,0.7702321071020597
0.0023032407407407407,1.0627278530825672,0.7256081329420364
0.00230489417989418,0.9913071552986746,0.7550225264783826
0.002306547619047619,1.2221693757093204,0.8649803677428334
0.0023082010582010583,1.2307412998871783,0.8319341718189726
0.0023098544973544975,1.2315318136531308,0.8252361381258528
0.0023115079365079367,1.3058002316146229,0.8949865655313307
0.002313161375661376,1.2523946630067548,0.8160618277037993
0.002314814814814815,1.1086609198147566,0.7333807771303802
0.002316468253968254,1.0616421092665218,0.780840039634737
0.002318121693121693,1.2409273343199037,0.8920560856775742
0.0023197751322751323,1.2172646093811172,0.8543404291941303
0.0023214285714285715,1.160194231879533,0.7541676863270665
0.0023230820105820107,1.409372599095927,0.9462599225769877
0.00232473544973545,1.2649251439771245,0.8780258281447287
0.002326388888888889,1.1989366451154562,0.7951108086463923
0.0023280423280423283,1.1594117247248332,0.8155005805458322
0.002329695767195767,1.258607800387079,0.8809911010414937
0.0023313492063492063,1.2531807250693618,0.9266526811495005
0.0023330026455026455,1.0996404898715761,0.7344873928406074
0.0023346560846560847,1.3599534598464849,0.8885372700843486
0.002336309523809524,1.2600057193551646,0.8765410161321014
0.002337962962962963,1.2667607602849495,0.8657850098226041
0.0023396164021164023,1.4073697387381032,0.9379232031535345
0.0023412698412698415,1.3207569110960853,0.9081059877333831
0.0023429232804232803,1.2248949886244127,0.9001166178005835
0.0023445767195767195,1.0782213057303043,0.7782402774297159
0.0023462301587301587,1.222321919438314,0.8305890743980315
0.002347883597883598,1.22586176761613,0.8392293581836386
0.002349537037037037,1.3392546180342324,0.9105702329291515
0.0023511904761904763,1.517494138651933,1.001276389962853
0.0023528439153439155,1.4285438291892019,0.9607797526883577
0.0023544973544973547,1.1634833404220546,0.8090446614028945
0.002356150793650794,0.9939178037773796,0.7404896837149993
0.0023578042328042327,1.2322112786745112,0.8719408185624534
0.002359457671957672,1.3070503787878562,0.9040233481359828
0.002361111111111111,1.5434497607579476,1.0607799679393126
0.0023627645502645503,1.3793798351153774,0.9189815471552133
0.0023644179894179895,1.3343062829014247,0.8981533024289857
0.0023660714285714288,1.1767054934372108,0.791138617703283
0.002367724867724868,0.9765442032546554,0.7113465663311485
0.002369378306878307,1.1832669019546516,0.8312365434075114
0.002371031746031746,1.4264458975459946,0.9880953215766423
0.002372685185185185,1.7383097663170568,1.1994644482885122
0.0023743386243386243,1.4133917332134116,0.940935212846839
0.0023759920634920636,1.2256479332371921,0.8427888487900717
0.0023776455026455028,1.2439883424782439,0.8385202595447879
0.002379298941798942,1.0699437677387709,0.7435480289431193
0.002380952380952381,1.0886335714902573,0.7705724792602655
0.0023826058201058204,1.322923788417636,0.9160246669670934
0.002384259259259259,1.8105795553745412,1.23843761246017
0.0023859126984126983,1.5500741509956715,1.022682623664431
0.0023875661375661376,1.314075966096433,0.8800511757457933
0.0023892195767195768,1.2761575940608727,0.8591719919413399
0.002390873015873016,1.0605127068109268,0.7208132266303129
0.002392526455026455,1.0736454445036698,0.7398991441180389
0.0023941798941798944,1.2191747203796113,0.8468133703153096
0.0023958333333333336,1.5594637678928576,1.0652362116719412
0.002397486772486773,1.5885009615211505,1.0221113880190966
0.0023991402116402116,1.3371443061838,0.8743641759851924
0.0024007936507936508,1.268616818285819,0.8414686483060463
0.00240244708994709,0.9957399694143573,0.6651648174320073
0.002404100529100529,0.9914657114486596,0.6726108739627928
0.0024057539682539684,1.135374116870806,0.7448836244693632
0.0024074074074074076,1.3332632027192148,0.8896557371325451
0.002409060846560847,1.3947218020037615,0.8852520190014321
0.002410714285714286,1.2590506893994642,0.8232712001503166
0.0024123677248677248,1.414447227951399,0.9328267660766197
0.002414021164021164,1.0402435359701212,0.7210381323445525
0.002415674603174603,0.9796045403925953,0.6614081065854134
0.0024173280423280424,1.0684080653254204,0.6870994603682782
0.0024189814814814816,1.2926384948269594,0.8288514231725999
0.002420634920634921,1.2917015327553134,0.8629395183357214
0.00242228835978836,1.2255099081449932,0.8269916075730056
0.002423941798941799,1.5192339107859123,1.025907203301036
0.0024255952380952384,1.3840582523645601,0.9429744186250768
0.002427248677248677,1.1264981476387195,0.7941704526651772
0.0024289021164021164,1.0995099244898408,0.7426427562252427
0.0024305555555555556,1.3538964147204202,0.8694362620376949
0.002432208994708995,1.3501401254936982,0.9326940805342051
0.002433862433862434,1.2381260501773896,0.8815393127836316
0.002435515873015873,1.418907124687571,0.9882586918261381
0.0024371693121693124,1.5339837968983216,1.03120262575404
0.0024388227513227516,1.3685603498950538,0.9391960166330428
0.0024404761904761904,1.1653500214378765,0.8294631795614558
0.0024421296296296296,1.3132257105989709,0.8686293132822499
0.002443783068783069,1.3169320206228838,0.8925412491960373
0.002445436507936508,1.1335977529904369,0.8120660928889153
0.002447089947089947,1.1473293695780844,0.8110375729623854
0.0024487433862433864,1.372834013701886,0.9218372325848485
0.0024503968253968256,1.431135187009736,0.951663942733197
0.002452050264550265,1.2062262746964958,0.8618720403470964
0.0024537037037037036,1.2721419686778852,0.8616840377540755
0.002455357142857143,1.1484035416100473,0.7759671865854763
0.002457010582010582,0.9785340259779935,0.66765036825838
0.0024586640211640212,0.9241413589932046,0.6438043830745573
0.0024603174603174604,1.106869792937975,0.7348205295351753
0.0024619708994708996,1.433953885429842,0.9680527413261482
0.002463624338624339,1.2716609723573762,0.8950448687673689
0.002465277777777778,1.277129285475056,0.8716527510771372
0.0024669312169312172,1.2005507579982788,0.8165086935151207
0.002468584656084656,0.9305940782796399,0.6282578485644659
0.0024702380952380952,0.8757860235005508,0.6147104657161994
0.0024718915343915344,1.0376852901404536,0.6957810681195079
0.0024735449735449736,1.338139728481961,0.9046011148652436
0.002475198412698413,1.3059321630352907,0.9312293785131037
0.002476851851851852,1.3040566179066966,0.9220795660345064
0.0024785052910052912,1.3018490046557245,0.8983111315383294
0.0024801587301587305,1.0540482096572097,0.7036493826802598
0.0024818121693121692,0.8986018730117066,0.6558372521523498
0.0024834656084656084,0.9909906356414467,0.7013132969872388
0.0024851190476190476,1.2601491737476402,0.8586667303670795
0.002486772486772487,1.2402773381851921,0.8844645911512565
0.002488425925925926,1.2150857584281447,0.8742814162203225
0.0024900793650793653,1.2473449317517973,0.8645240322455018
0.0024917328042328045,1.142070160371452,0.7553947524465514
0.0024933862433862437,1.0188508132435026,0.7366032334057263
0.0024950396825396824,0.9469979146392228,0.7062841093521278
0.0024966931216931216,1.1171242964264572,0.7937909456628407
0.002498346560846561,1.1712033447447325,0.804900887897726
0.0025,1.130415688209695,0.7685188519189191
0.0025016534391534393,1.205349602214115,0.8032405242555758
0.0025033068783068785,1.1952028702819621,0.7939043739059906
0.0025049603174603177,1.0985887767423494,0.7710554281651616
0.002506613756613757,1.0474852984745255,0.7639575046136877
0.002508267195767196,1.1443124612144608,0.8154956906203822
0.002509920634920635,1.147608140810407,0.7577862601782942
0.002511574074074074,1.0692421758415918,0.6866047534689649
0.0025132275132275133,1.1167381541630526,0.729274825938064
0.0025148809523809525,1.2736043052260781,0.8276724378525752
0.0025165343915343917,1.2176452831031361,0.8093781134059367
0.002518187830687831,1.1961983096026019,0.8210492250122117
0.00251984126984127,1.2646755970326387,0.8600205594165703
0.0025214947089947093,1.2012539676291858,0.8006944732429698
0.002523148148148148,1.0092298883025186,0.6525373912292686
0.0025248015873015873,1.019826207269113,0.6502482161616596
0.0025264550264550265,1.1970418903180302,0.7824847600813643
0.0025281084656084657,1.3033606128882456,0.8476791569743779
0.002529761904761905,1.2174087759853203,0.7955564756014961
0.002531415343915344,1.369821112393538,0.8689608599999026
0.0025330687830687833,1.2901644169108284,0.8436798958476236
0.0025347222222222225,1.0637550930904307,0.7238189443993912
0.0025363756613756613,0.9709677023303946,0.6172899184099664
0.0025380291005291005,1.0342014518415685,0.7021988561884406
0.0025396825396825397,1.3886942738604484,0.9219380639269856
0.002541335978835979,1.2990037845333011,0.8504510030824141
0.002542989417989418,1.2561022088767155,0.8002246596278592
0.0025446428571428573,1.3788843466252507,0.8585228759269077
0.0025462962962962965,1.2577879403240966,0.8401443802653842
0.0025479497354497357,1.0857444572047426,0.7117554797597053
0.002549603174603175,1.0722552619658503,0.7289428024152361
0.0025512566137566137,1.3467207990142702,0.9399674433921854
0.002552910052910053,1.3943276363936152,0.9026441314873597
0.002554563492063492,1.179636059259327,0.8107711006366961
0.0025562169312169313,1.3732153068962094,0.8795456246454343
0.0025578703703703705,1.2697520914929752,0.816665872002044
0.0025595238095238097,1.2891439241947742,0.8533705559284418
0.002561177248677249,1.1882666659513905,0.8041155466749303
0.002562830687830688,1.26769340840417,0.8862111888408012
0.002564484126984127,1.2278247073269852,0.8264226021127721
0.002566137566137566,1.1396722541167568,0.7841748628012458
0.0025677910052910053,1.2743729169853035,0.8599321692854971
0.0025694444444444445,1.2371622071459454,0.7811420525835957
0.0025710978835978837,1.2778273596186325,0.859894711108335
0.002572751322751323,1.2115964812220066,0.8256471723647213
0.002574404761904762,1.2023388224947522,0.8540223490959946
0.0025760582010582013,1.093463157821251,0.7179625839868358
0.00257771164021164,1.0573072639572059,0.7315637181093944
0.0025793650793650793,1.2287564876129782,0.8577018903660971
0.0025810185185185185,1.1444466527736394,0.7427823242294316
0.0025826719576719577,1.2168143711066266,0.814589809362256
0.002584325396825397,1.251995131630935,0.8551058960266087
0.002585978835978836,1.256579411987393,0.8886237539973592
0.0025876322751322753,1.072768311227739,0.722341496604631
0.0025892857142857145,0.9874147184917629,0.6669709430095812
0.0025909391534391537,1.1367896600744474,0.7922505066220338
0.0025925925925925925,1.1827747099179193,0.8232849059412135
0.0025942460317460317,1.1554805182113028,0.7764067468348986
0.002595899470899471,1.2923161209242695,0.8942942362375033
0.00259755291005291,1.3676189200911195,0.9547254381504464
0.0025992063492063493,1.0855233171797432,0.745890011398685
0.0026008597883597885,0.9397256699656035,0.6315755038140696
0.0026025132275132278,1.0728122559063331,0.7389946699499085
0.002604166666666667,1.181113305731011,0.8376392611800441
0.0026058201058201057,1.0605082921727031,0.723341821833115
0.002607473544973545,1.1934101670101827,0.8488802712039584
0.002609126984126984,1.3306398266764219,0.9264026149195942
0.0026107804232804233,1.095072852755631,0.7572128778321303
0.0026124338624338625,0.9838562263573282,0.6733254155580418
0.0026140873015873018,1.0709519638631435,0.713127601976321
0.002615740740740741,1.1550428636710801,0.8070187221194515
0.00261739417989418,0.8727681368129295,0.6183481207118047
0.0026190476190476194,0.9915313672200265,0.7246812885426263
0.002620701058201058,1.0704669199890007,0.7506891911207816
0.0026223544973544973,1.06954853787334,0.723509252461382
0.0026240079365079366,1.0856006823812825,0.7465134768139576
0.0026256613756613758,1.121970262373441,0.7647760407623265
0.002627314814814815,1.1649458309837015,0.7868787809598756
0.002628968253968254,0.7883918914677898,0.5786389425670037
0.0026306216931216934,0.80203283909365,0.6063171405163377
0.0026322751322751326,0.9331611283695451,0.649820274542527
0.0026339285714285714,1.102772176105095,0.7237652382522767
0.0026355820105820106,1.1752781331145086,0.7883212708104975
0.0026372354497354498,1.167281091920653,0.8068714929499871
0.002638888888888889,1.2328500491787076,0.8639705465000311
0.002640542328042328,0.8572348850543063,0.6186509233380366
0.0026421957671957674,0.809785016160363,0.6005364298772164
0.0026438492063492066,0.9432876796931349,0.6609136599723437
0.002645502645502646,1.1720289740353982,0.7507176348314154
0.0026471560846560846,1.2588324329447866,0.8202669186239311
0.0026488095238095238,1.3226435530958378,0.9087678899514091
0.002650462962962963,1.2500579419752973,0.8838910453295595
0.002652116402116402,0.9214627189409095,0.6660281931228744
0.0026537698412698414,0.869745135463162,0.609186999153348
0.0026554232804232806,0.953722136818091,0.6634072684233463
0.00265707671957672,1.1545073151357255,0.7387346905074899
0.002658730158730159,1.2708420335097026,0.8141157037910702
0.002660383597883598,1.4060151543377177,0.9566161712157667
0.002662037037037037,1.2567682779771923,0.8611782799283384
0.002663690476190476,0.8832799464397983,0.6198270209409137
0.0026653439153439154,0.9068194503744479,0.6077195310780529
0.0026669973544973546,0.9066804718695856,0.6228783709906466
0.002668650793650794,1.0254405312507693,0.6648726489275567
0.002670304232804233,1.1955886457654146,0.7524739515627178
0.002671957671957672,1.3897673036150804,0.9386247466829274
0.0026736111111111114,1.229528890699636,0.8087595883930816
0.00267526455026455,0.8567327091078554,0.5668283692672431
0.0026769179894179894,0.8501729243905426,0.5758637557497364
0.0026785714285714286,0.8587252567251982,0.5990266297956695
0.002680224867724868,0.9971952162265015,0.6676202955931879
0.002681878306878307,1.038612797740972,0.6462180516540146
0.002683531746031746,1.2546957384373216,0.8380491162291132
0.0026851851851851854,1.2022694139380616,0.7992186372831341
0.0026868386243386246,0.9520518148271513,0.5944349092629626
0.0026884920634920634,0.829733299700626,0.5623404038334635
0.0026901455026455026,0.8417323868563994,0.60037602449581
0.002691798941798942,1.0887552570178314,0.7554962013013353
0.002693452380952381,0.9359867421774664,0.6110326077509683
0.00269510582010582,1.0446248100213937,0.6975332143177071
0.0026967592592592594,1.126087391185285,0.7560633318637763
0.0026984126984126986,0.9915530278169696,0.6463195529754162
0.002700066137566138,0.948571552374519,0.6327075783747222
0.002701719576719577,0.9523404554706393,0.66264410530263
0.002703373015873016,1.130282527026408,0.7444083769457346
0.002705026455026455,0.9774887951468156,0.6584988435223113
0.0027066798941798942,0.9471129300706792,0.6662636501475774
0.0027083333333333334,1.0082690411289783,0.6874348114466116
0.0027099867724867726,0.95834034970937,0.6493086740979588
0.002711640211640212,0.9627577327524961,0.6553853576811897
0.002713293650793651,1.0746091755510674,0.7106424014839829
0.0027149470899470902,1.1019406994327121,0.6878435540628218
0.002716600529100529,1.028471961114716,0.6675642139525472
0.0027182539682539682,0.9170636398891285,0.6513880614296846
0.0027199074074074074,0.9921179988962695,0.699959482203745
0.0027215608465608466,0.9545010193033368,0.6350436227530032
0.002723214285714286,0.9237645336646384,0.6137223125396832
0.002724867724867725,1.0597325400203268,0.6686909275385371
0.0027265211640211643,1.1186903553545218,0.7101008116186565
0.0027281746031746035,1.0248982251636856,0.6694984124107131
0.0027298280423280422,0.868370936541392,0.6075244586665608
0.0027314814814814814,0.9179111942204453,0.6397944419805301
0.0027331349206349206,1.0064628529768047,0.6782618956937033
0.00273478835978836,0.965827437138434,0.6140471096320447
0.002736441798941799,1.028182658377206,0.6252295386969691
0.0027380952380952383,1.2648852758603608,0.835099661839751
0.0027397486772486775,0.9949633458570095,0.6923980156809697
0.0027414021164021167,0.7946362641198992,0.5587688289038116
0.002743055555555556,0.8703427006278264,0.5856681230902259
0.0027447089947089946,0.9933254756580855,0.6731972712403514
0.002746362433862434,1.1088429953655714,0.7236868282830987
0.002748015873015873,1.0371157198741041,0.6407311213578449
0.0027496693121693123,1.327426223366638,0.8963443750863669
0.0027513227513227515,1.0009121328800321,0.7136406479830317
0.0027529761904761907,0.6947618714097926,0.5088747991505759
0.00275462962962963,0.8636873298549145,0.5838504473866977
0.002756283068783069,0.9818071045599741,0.6468969509285745
0.002757936507936508,1.238551765679356,0.8073572957014372
0.002759589947089947,1.0988325204114837,0.7011084994367444
0.0027612433862433863,1.1876074881944152,0.81713900227623
0.0027628968253968255,0.969177633321537,0.7046657219440988
0.0027645502645502647,0.7369797833888593,0.525504900196206
0.002766203703703704,0.8428044467716026,0.5721595723538097
0.002767857142857143,0.9133724671846185,0.5944546345728201
0.0027695105820105823,1.2517747419168948,0.7948860553663857
0.0027711640211640215,1.1668635235625948,0.7481428571532268
0.0027728174603174603,1.0809443593487424,0.752606140223292
0.0027744708994708995,1.0395479879062979,0.7552985966879302
0.0027761243386243387,0.8541429912523536,0.5919660522463028
0.002777777777777778,0.9065419856498994,0.5948637479018039
0.002779431216931217,0.7854542809373796,0.5120781453246894
0.0027810846560846563,1.167265572613387,0.7235091715506471
0.0027827380952380955,1.2534069739474514,0.8022098095610573
0.0027843915343915347,1.1180882322252592,0.7724767843540813
0.0027860449735449735,1.1585289994449923,0.8196253866122056
0.0027876984126984127,0.9517168490721194,0.6517210932399727
0.002789351851851852,1.0009577196224855,0.6479548728623638
0.002791005291005291,0.8176853810932448,0.5431682954459874
0.0027926587301587303,1.001602213681755,0.6327753403373164
0.0027943121693121695,1.2465808684932964,0.8077404785811517
0.0027959656084656087,1.181541169495108,0.8048812490209986
0.002797619047619048,1.2112909319323435,0.816998837782413
0.0027992724867724867,0.9027790518852243,0.6158541160914848
0.002800925925925926,1.035227184206495,0.6888035007880162
0.002802579365079365,1.0229538445612072,0.6781395231846226
0.0028042328042328043,0.8961236211582659,0.5921583582062323
0.0028058862433862435,1.091009884869247,0.7238696264660298
0.0028075396825396827,1.158707779369171,0.8005551666980351
0.002809193121693122,1.2112587966475679,0.7872840646483377
0.002810846560846561,0.8528320477624017,0.5815792124702973
0.0028125000000000003,1.0153297651359687,0.7077987894416644
0.002814153439153439,1.1676246304928453,0.7629617879809005
0.0028158068783068783,0.9323239117684498,0.6155398846199481
0.0028174603174603175,0.9839303169240137,0.6638205278042111
0.0028191137566137567,1.1048149259327698,0.7530413648367359
0.002820767195767196,1.1414714019240673,0.7494838642492989
0.002822420634920635,0.9410762787083393,0.646544208483288
0.0028240740740740743,1.0484081146342732,0.7361840694524568
0.0028257275132275135,1.1147466485574857,0.7348232844587999
0.0028273809523809523,1.014697481282417,0.667612423034369
0.0028290343915343915,0.9676003661316065,0.65819923999725
0.0028306878306878307,1.065776144088107,0.6919605841724777
0.00283234126984127,1.0440224705530683,0.7000354020964042
0.002833994708994709,0.9891594773770791,0.6831546080631434
0.0028356481481481483,1.1312649709931868,0.7780739294352685
0.0028373015873015875,0.9668531005517877,0.6384061449032372
0.0028389550264550267,1.0552765722782902,0.6905056253564574
0.0028406084656084655,1.0009834107283988,0.6839655285163668
0.0028422619047619047,0.9430640244252811,0.6003922073502901
0.002843915343915344,1.0459517671341019,0.690082761838929
0.002845568783068783,0.936474751601931,0.6526408642146951
0.0028472222222222223,1.0804885876228196,0.7134802409122756
0.0028488756613756615,0.8949764537058615,0.5720961275689422
0.0028505291005291008,0.9924443080555275,0.6411344284013714
0.00285218253968254,1.030383129008131,0.6839280274935233
0.002853835978835979,0.8636174189224785,0.5531453489239317
0.002855489417989418,1.0234390854940532,0.653215816997357
0.002857142857142857,0.9543265411944627,0.6361911012506432
0.0028587962962962963,0.9113806796305439,0.59234611674077
0.0028604497354497356,0.844567060406861,0.5337893169574922
0.0028621031746031748,0.8870018402941631,0.5667310478561087
0.002863756613756614,0.9938602857665046,0.6386231697484566
0.002865410052910053,0.8452613418089464,0.5491837364446698
0.0028670634920634924,0.9540151380097305,0.6199820788761202
0.002868716931216931,0.9799306971045358,0.6330059664208637
0.0028703703703703703,0.8645764960963228,0.5609945450545453
0.0028720238095238096,0.9241014245026061,0.5948768372370077
0.0028736772486772488,0.8989328051811192,0.5949068642372665
0.002875330687830688,0.8648126191178488,0.5726202190983645
0.002876984126984127,0.8162566274442719,0.5665492303373778
0.0028786375661375664,0.9319434954109471,0.6436061708316401
0.0028802910052910056,0.9969374799869951,0.6530622947261439
0.0028819444444444444,0.9515382345800256,0.6429138345222966
0.0028835978835978836,1.0213561846222674,0.6646683957791049
0.0028852513227513228,1.0108428288399096,0.6552623219161391
0.002886904761904762,0.8022060007919604,0.5459987374180882
0.002888558201058201,0.8251495888728901,0.6136470667910628
0.0028902116402116404,0.939701469135831,0.7006162333587131
0.0028918650793650796,0.979397714559318,0.6552821930007218
0.002893518518518519,1.0132812203017878,0.6798829136231912
0.002895171957671958,1.0044561569235386,0.6393109108332913
0.0028968253968253968,1.0382574591204128,0.6423101041485233
0.002898478835978836,0.8627703560709515,0.5564561531670589
0.002900132275132275,0.8267308325731093,0.6057376155957848
0.0029017857142857144,0.8847242828432426,0.6559919646079286
0.0029034391534391536,0.9086935698923635,0.6280077794702715
0.002905092592592593,1.0513003423969882,0.7029984781673505
0.002906746031746032,0.9280105877156223,0.5724677265049093
0.002908399470899471,0.9945689877441464,0.6057254877224261
0.00291005291005291,0.9603323181888272,0.5710704172556854
0.002911706349206349,0.89857331836483,0.6036841219994845
0.0029133597883597884,0.8034556918547833,0.5637246870087322
0.0029150132275132276,0.9447024176729366,0.6620265947207229
0.002916666666666667,1.035487905160346,0.7171116344568155
0.002918320105820106,0.8374615890355033,0.5419376343952635
0.002919973544973545,1.0392489672814171,0.6458964622173536
0.0029216269841269844,1.0665072978023957,0.6367489092624447
0.002923280423280423,0.9792960971398935,0.6293590699408239
0.0029249338624338624,0.7984251751342036,0.5366139420505109
0.0029265873015873016,1.0544050491266668,0.7353211764537049
0.002928240740740741,0.9778421312287285,0.6959519305534072
0.00292989417989418,0.842406524875608,0.583172764444595
0.002931547619047619,1.0752137233602725,0.7000692947211944
0.0029332010582010584,1.0884718806731175,0.6641055497771525
0.0029348544973544976,1.0029879397638222,0.6558324284263674
0.002936507936507937,0.7979480776240109,0.5395090583549039
0.0029381613756613756,1.0198635212614575,0.6869629793575942
0.002939814814814815,0.9111641399823543,0.635625182593405
0.002941468253968254,0.846197698502583,0.5992069169865472
0.0029431216931216932,1.074390175548677,0.7159889983871903
0.0029447751322751324,1.0103276199525142,0.6303274134820185
0.0029464285714285716,0.9350033006726466,0.6325648557806373
0.002948082010582011,0.7764642874303341,0.512182031614358
0.00294973544973545,0.9266482491804419,0.6069308117762082
0.002951388888888889,0.8358656962802143,0.547518392236505
0.002953042328042328,0.8418968277699571,0.5721110530642405
0.0029546957671957672,0.9804662453887636,0.6595934514739487
0.0029563492063492064,0.9481214979413839,0.6123617500002271
0.0029580026455026456,0.9201072992780339,0.6438613037414568
0.002959656084656085,0.8483316927053814,0.5643720464484671
0.002961309523809524,0.8436694849345235,0.5421945140036546
0.0029629629629629632,0.8714458487353005,0.5574264960903921
0.0029646164021164025,0.8150400334189648,0.5412071973965997
0.0029662698412698412,0.8577133985249731,0.5754331060947802
0.0029679232804232804,0.9239237940229291,0.6118748041528107
0.0029695767195767196,0.938386741888945,0.6494041766833408
0.002971230158730159,0.9510906144771261,0.6403184638692738
0.002972883597883598,0.8624952299352349,0.5679852247435767
0.0029745370370370373,0.8307593045139774,0.5564201673677923
0.0029761904761904765,0.8065310802147617,0.5247335532635348
0.0029778439153439157,0.8242828562625032,0.5416683771969386
0.0029794973544973544,0.8424797203189469,0.5672219688710526
0.0029811507936507936,0.8845821401910697,0.5880690601900919
0.002982804232804233,0.9623499557435669,0.61876656131269
0.002984457671957672,0.8578540158821377,0.5606116820085754
0.0029861111111111113,0.7852686367393495,0.5423745532629859
0.0029877645502645505,0.7839619809842717,0.5142915681577338
0.0029894179894179897,0.7723740017315543,0.4832462811854566
0.002991071428571429,0.8064269749904818,0.5266517736356842
0.0029927248677248676,0.8472331796206758,0.5712183722809879
0.002994378306878307,0.9099901977740172,0.5695546979184002
0.002996031746031746,0.8309439046402198,0.5254228549307545
0.0029976851851851853,0.8257520333495197,0.5479991936426127
0.0029993386243386245,0.7845600337280882,0.5293801191019648
0.0030009920634920637,0.7355557137742436,0.44855947302369265
0.003002645502645503,0.7710173579091331,0.49554109050589257
0.003004298941798942,0.8587317076177614,0.6027815808179329
0.0030059523809523813,0.954355946690048,0.6266102957634875
0.00300760582010582,0.7715576289082046,0.4914648634543953
0.0030092592592592593,0.9007570394468668,0.5797595556899426
0.0030109126984126985,0.8369938853044784,0.5578134441411949
0.0030125661375661377,0.7647629498594131,0.4911679265842897
0.003014219576719577,0.7701420986671432,0.5098800339156734
0.003015873015873016,0.8822499022632461,0.6300418076738823
0.0030175264550264553,0.9445509541260597,0.6333699756852966
0.0030191798941798945,0.7678144178518035,0.5130940401085264
0.0030208333333333333,0.9201961348237618,0.5768691364859264
0.0030224867724867725,0.8459744367595136,0.5501042665233247
0.0030241402116402117,0.786235070099767,0.5110224567735271
0.003025793650793651,0.7857681541588214,0.5478377618759204
0.00302744708994709,0.8778537767254604,0.6135698621997041
0.0030291005291005293,0.8969890495314305,0.5926503477932402
0.0030307539682539685,0.7374445063083777,0.5068372708220005
0.0030324074074074077,0.8883619134831554,0.5664663670073371
0.0030340608465608465,0.8097550317594435,0.5120291609650638
0.0030357142857142857,0.7973968682161597,0.5096673074489562
0.003037367724867725,0.7953479676199133,0.5374202621930034
0.003039021164021164,0.797486099905387,0.5587856385502357
0.0030406746031746033,0.8113572736307811,0.5378400490095678
0.0030423280423280425,0.7582144888867923,0.5293387919832796
0.0030439814814814817,0.8189570513477779,0.5493044322089666
0.003045634920634921,0.7994181297944071,0.527739276445382
0.00304728835978836,0.8489467690608455,0.5304038786971824
0.003048941798941799,0.8590601245823616,0.553913343804799
0.003050595238095238,0.7414444546910434,0.5122776524953335
0.0030522486772486773,0.7987829048429531,0.5311923755158272
0.0030539021164021165,0.8146675307078857,0.5733854418934459
0.0030555555555555557,0.7781770013105114,0.5499512613473277
0.003057208994708995,0.7997239109846186,0.5419684411117256
0.003058862433862434,0.949756209838327,0.6064486336970201
0.0030605158730158733,0.9529373291062508,0.5996801200602456
0.003062169312169312,0.7611487821199117,0.4983289385178374
0.0030638227513227513,0.8183372538024883,0.5356589585497946
0.0030654761904761905,0.808022753864536,0.550608114702237
0.0030671296296296297,0.7970149250285905,0.5556161553116076
0.003068783068783069,0.7869548253484712,0.5284772047816724
0.003070436507936508,1.0028586240688926,0.6689094380680736
0.0030720899470899473,1.0580826019649718,0.6771833605698366
0.0030737433862433865,0.745839557413913,0.47854705068564024
0.0030753968253968253,0.8113716156151384,0.49571594326789925
0.0030770502645502645,0.6839522562684998,0.46207347261738135
0.0030787037037037037,0.7329269712144684,0.5027903190782663
0.003080357142857143,0.7499335780198448,0.48131612980900335
0.003082010582010582,0.9693272805643915,0.6492429129143751
0.0030836640211640213,1.1543635657044413,0.7832058895864381
0.0030853174603174605,0.7841961471130914,0.5246819881706878
0.0030869708994708998,0.831006207695908,0.5032641227764443
0.003088624338624339,0.6283317345227637,0.40077339769051074
0.0030902777777777777,0.5955765462066718,0.40618897605999943
0.003091931216931217,0.6898266332039737,0.4490921071314006
0.003093584656084656,0.8861576581008233,0.5726442427597267
0.0030952380952380953,1.0737260233305208,0.7261842201754726
0.0030968915343915345,0.8769337418927161,0.5963113302007175
0.0030985449735449738,0.8895216962242013,0.560049841859552
0.003100198412698413,0.7502487701883769,0.46985706845413183
0.003101851851851852,0.6186894121416846,0.39499375438098455
0.003103505291005291,0.6322196434216558,0.4152096890179062
0.00310515873015873,0.7834396802707992,0.5077147317108285
0.0031068121693121693,0.8857023692012685,0.5790803188808642
0.0031084656084656086,0.8200898355083944,0.5422341669970102
0.0031101190476190478,0.9050720574551572,0.5526194935248419
0.003111772486772487,0.8119330112166777,0.503404715629283
0.003113425925925926,0.6724728468152189,0.4328732331714824
0.0031150793650793654,0.6337903035215383,0.4081376393192979
0.003116732804232804,0.7294367404160776,0.4719296599111793
0.0031183862433862434,0.7158015433777999,0.4698296500818092
0.0031200396825396826,0.779777040055993,0.5014637618576162
0.0031216931216931218,0.8777225609169144,0.5275410422548966
0.003123346560846561,0.7751834308617446,0.476982538412707
0.003125,0.627184728192851,0.40067636053826716
0.0031266534391534394,0.6443497946209207,0.41094400012465504
0.0031283068783068786,0.7515758717382522,0.48169470616472865
0.003129960317460318,0.7123905010440721,0.477663365334032
0.0031316137566137566,0.7648687415219645,0.4966099109646179
0.0031332671957671958,0.8874143396895725,0.5345078739857767
0.003134920634920635,0.8084705481059377,0.5071411222166703
0.003136574074074074,0.7365000586474332,0.4611342924333684
0.0031382275132275134,0.7515211904950069,0.47945163855431866
0.0031398809523809526,0.7759616226753391,0.5072364177357415
0.003141534391534392,0.7488304936553257,0.5021462196150849
0.003143187830687831,0.8123204094235481,0.5303081053640611
0.0031448412698412698,0.7892429843839512,0.4971729739352961
0.003146494708994709,0.8879697536570196,0.5534544304563913
0.003148148148148148,0.9494591368357236,0.5849569586823511
0.0031498015873015874,0.8860884426450119,0.5652835756482051
0.0031514550264550266,0.8006951089508517,0.5354526244016058
0.003153108465608466,0.7359683133825814,0.49782412967350254
0.003154761904761905,0.8260441344222452,0.549224267021501
0.003156415343915344,0.7332784335658264,0.48686775247728215
0.0031580687830687834,0.8343749044586388,0.5211735731184934
0.003159722222222222,0.9957478744961348,0.5911581415087676
0.0031613756613756614,0.8829019357751511,0.5563298204839051
0.0031630291005291006,0.6992549170401416,0.4803901053470537
0.00316468253968254,0.7482668496426689,0.5132954009615694
0.003166335978835979,0.8012112119472458,0.5557356013147257
0.003167989417989418,0.7735293978625494,0.532499514911079
0.0031696428571428574,0.7337873793411006,0.4712267653400561
0.0031712962962962966,0.8636336586854455,0.49672638794480867
0.0031729497354497354,0.7519442603106977,0.45842656654608505
0.0031746031746031746,0.6305810058298369,0.43788758351451557
0.003176256613756614,0.7464951249322531,0.522271073714231
0.003177910052910053,0.7676725929836603,0.545934708837517
0.003179563492063492,0.7910820825723398,0.5491319677412065
0.0031812169312169314,0.673862939945525,0.44660491807209135
0.0031828703703703706,0.7273054756326865,0.44105215949765303
0.00318452380952381,0.6837937181968635,0.42001066241152296
0.0031861772486772486,0.6153013249524775,0.421921738854604
0.003187830687830688,0.7868255735649913,0.536613785564183
0.003189484126984127,0.7511293389008611,0.5198863274513529
0.0031911375661375662,0.7613697077166189,0.5209845474309149
0.0031927910052910054,0.6485203574380429,0.42897485945068714
0.0031944444444444446,0.7054727220911329,0.4627360338691582
0.003196097883597884,0.7142181396907376,0.46668957576078574
0.003197751322751323,0.6460689239660163,0.43988192073819304
0.0031994047619047622,0.8007959683704557,0.5351939270331059
0.003201058201058201,0.8318125326419222,0.5488169093829065
0.0032027116402116402,0.7376779963007474,0.5079019682655279
0.0032043650793650794,0.6546644019630024,0.4309180481688019
0.0032060185185185186,0.7445534069481298,0.48792054195304607
0.003207671957671958,0.8051490209489974,0.5415177150310054
0.003209325396825397,0.6987036255367388,0.4771171345483402
0.0032109788359788363,0.7924376274101169,0.5438697469554595
0.0032126322751322755,0.9177727299296454,0.6128803931157292
0.0032142857142857142,0.8166622040022361,0.5520746669534743
0.0032159391534391534,0.7140197797467566,0.4594127863304744
0.0032175925925925926,0.7657759295252157,0.4839107270260351
0.003219246031746032,0.7967405771255035,0.5290188258285716
0.003220899470899471,0.7648561213959012,0.5252583605881069
0.0032225529100529103,0.8382200620112735,0.5884662776234446
0.0032242063492063495,0.8779072232392309,0.5925757033131522
0.0032258597883597887,0.9203231347088296,0.5971915805429303
0.0032275132275132274,0.8297690125301301,0.515820799687923
0.0032291666666666666,0.7973092450345733,0.48596492406037695
0.003230820105820106,0.7865607082470408,0.5073000180886611
0.003232473544973545,0.7719365433673864,0.5122209196448309
0.0032341269841269843,0.8428117909493509,0.582256878245719
0.0032357804232804235,0.8450004991708213,0.5481703880481816
0.0032374338624338627,0.9399469692755599,0.5904836110956991
0.003239087301587302,0.9028761431873759,0.5459570150977474
0.003240740740740741,0.833396433371655,0.5111045101288608
0.00324239417989418,0.8031536174531684,0.5077691456897232
0.003244047619047619,0.7581646818666422,0.4816651656253462
0.0032457010582010583,0.8609197406183355,0.5515815880522402
0.0032473544973544975,0.8367043060339863,0.533626907211355
0.0032490079365079367,0.9132196685497681,0.5642578171541512
0.003250661375661376,0.8886249264886041,0.5308671712914932
0.003252314814814815,0.8198860964686898,0.4997976972262441
0.0032539682539682543,0.8453874387327599,0.5241527570784963
0.003255621693121693,0.7633904149632432,0.488724484500474
0.0032572751322751323,0.8240498571741444,0.5084207232838921
0.0032589285714285715,0.9219297190401347,0.5763290636629282
0.0032605820105820107,0.844457233695634,0.533382360550841
0.00326223544973545,0.8494505335428599,0.511100389552888
0.003263888888888889,0.763145093091063,0.47847915820633297
0.0032655423280423283,0.8869633381031973,0.5406992852825279
0.0032671957671957675,0.7884356231734033,0.508985124529747
0.0032688492063492063,0.7896161419464017,0.4973384500009865
0.0032705026455026455,0.890001652772102,0.5340777283525501
0.0032721560846560847,0.8103613894225365,0.5171877005480511
0.003273809523809524,0.7878015129470605,0.4975278831569703
0.003275462962962963,0.7267117899031965,0.48953304179761775
0.0032771164021164023,0.8531476189949534,0.5516211652762015
0.0032787698412698415,0.7988148769879753,0.5240460680370576
0.0032804232804232807,0.7570785437486838,0.47854221689305854
0.00328207671957672,0.8053392546260549,0.46314412698004487
0.0032837301587301587,0.735752155056266,0.47315139693190517
0.003285383597883598,0.7208588873148404,0.49010143437983045
0.003287037037037037,0.714065065758469,0.49278164464695223
0.0032886904761904763,0.7791171549400663,0.5384528363099716
0.0032903439153439155,0.7731774471728773,0.520711542255882
0.0032919973544973547,0.7431410401243081,0.49466782796580006
0.003293650793650794,0.7507123054105611,0.44344694150480485
0.003295304232804233,0.6428357090612877,0.41792593582658105
0.003296957671957672,0.6602467611907694,0.45952279323321643
0.003298611111111111,0.7387387571790662,0.5008281865964159
0.0033002645502645503,0.7131313792246058,0.5059222196691833
0.0033019179894179895,0.7002230074488526,0.4889398544687218
0.0033035714285714287,0.7507875320209472,0.5237149096032753
0.003305224867724868,0.7019797468836712,0.43802493135031834
0.003306878306878307,0.5868991118819522,0.39332009666359463
0.0033085317460317463,0.5827808363146115,0.3924857409601907
0.0033101851851851855,0.7273184913544256,0.48149260608835676
0.0033118386243386243,0.71201937054708,0.4972961326608795
0.0033134920634920635,0.6590465801681895,0.4544368863980667
0.0033151455026455027,0.7762461489641691,0.5559393672788403
0.003316798941798942,0.6319604495667615,0.4252259787200089
0.003318452380952381,0.5416324132522441,0.35619357462392337
0.0033201058201058203,0.567733853098716,0.36437349006766584
0.0033217592592592595,0.6607302881815178,0.4471790723432943
0.0033234126984126987,0.7275150932566871,0.4939423277051105
0.0033250661375661375,0.684074955618069,0.4502508763744571
0.0033267195767195767,0.747006314314993,0.5123665663455891
0.003328373015873016,0.6306131506997198,0.4345866083500898
0.003330026455026455,0.5732920015094688,0.3703594325716613
0.0033316798941798943,0.6433068133432033,0.40910297351282177
0.0033333333333333335,0.6660526075753797,0.47269852783888416
0.0033349867724867728,0.6224720118166348,0.43848819961095303
0.003336640211640212,0.6819219623566759,0.44737748875890787
0.0033382936507936507,0.7206692670341012,0.4669517401059868
0.00333994708994709,0.6110785112683668,0.41963429924558193
0.003341600529100529,0.6486225448270662,0.41671593291247133
0.0033432539682539683,0.7363553396761857,0.453573564424941
0.0033449074074074076,0.7154334196075415,0.4976294071363996
0.0033465608465608468,0.5820994415635222,0.4158629814307673
0.003348214285714286,0.6629258858485815,0.4660630260711389
0.003349867724867725,0.6897441413031121,0.46307561607944725
0.0033515211640211644,0.6261627400202304,0.41816846938402813
0.003353174603174603,0.7235745204042832,0.4765908127522498
0.0033548280423280423,0.7816133583311935,0.4721652704756875
0.0033564814814814816,0.7116791429716333,0.46594624850171945
0.0033581349206349208,0.6197574864375927,0.43636458164720276
0.00335978835978836,0.6618060642600493,0.4519256694862597
0.003361441798941799,0.7013677203288268,0.47524629286155684
0.0033630952380952384,0.6904560783486637,0.45268672135096755
0.0033647486772486776,0.7420640710609928,0.49676785270595525
0.0033664021164021164,0.7166176568443251,0.4350201786739886
0.0033680555555555556,0.6945288923949053,0.4406644000482378
0.0033697089947089948,0.685687494573965,0.4539576009018805
0.003371362433862434,0.6688513411624093,0.4365318259424115
0.003373015873015873,0.615505302312284,0.41238641098678064
0.0033746693121693124,0.643997504756929,0.42091921347323225
0.0033763227513227516,0.6612360236803521,0.42108414276701206
0.003377976190476191,0.6061190317385756,0.3707844940163943
0.0033796296296296296,0.6332303436507621,0.39972835959058806
0.0033812830687830688,0.672221437101235,0.4417276776304208
0.003382936507936508,0.6683453725776732,0.4241282736171735
0.003384589947089947,0.5668639899430284,0.3820496503819831
0.0033862433862433864,0.5570103649969437,0.385259808457991
0.0033878968253968256,0.5402934778139565,0.33271716976530674
0.003389550264550265,0.468643285716634,0.28369720648450686
0.003391203703703704,0.5230669352030067,0.33296538298195655
0.003392857142857143,0.6157849624509154,0.4031255128377305
0.003394510582010582,0.6712470612780137,0.4483713553973139
0.003396164021164021,0.5921753711979653,0.41307108168324563
0.0033978174603174604,0.5530172854911131,0.3978244689540228
0.0033994708994708996,0.4765665347201484,0.3054074450916502
0.003401124338624339,0.42514045373815973,0.2637050613891362
0.003402777777777778,0.4886616281177348,0.30817594280210253
0.003404431216931217,0.577497406212807,0.37510902935426155
0.0034060846560846564,0.6684491520193672,0.4594247027073821
0.003407738095238095,0.622445691545698,0.4373696668592553
0.0034093915343915344,0.5649764346050894,0.3925875119108362
0.0034110449735449736,0.46779777946479256,0.30890283710335287
0.003412698412698413,0.4831148497315266,0.3111082354051496
0.003414351851851852,0.5807134420911448,0.3680620611375819
0.003416005291005291,0.5796130611454328,0.384596245569171
0.0034176587301587304,0.6546016224471651,0.4315981538546325
0.0034193121693121696,0.5803844186920254,0.3845781352500834
0.0034209656084656084,0.5321586529789343,0.3544043266187159
0.0034226190476190476,0.46559406157126904,0.30533392602098297
0.003424272486772487,0.619451471384115,0.3858010432457137
0.003425925925925926,0.7147454671151802,0.45489126981969946
0.0034275793650793652,0.5709298852231176,0.38901899688204056
0.0034292328042328044,0.6102528071264288,0.39150829335360315
0.0034308862433862436,0.49983043403115235,0.31063927653304513
0.003432539682539683,0.5570455118920509,0.3434325885414984
0.003434193121693122,0.5276566163059391,0.350244197724418
0.003435846560846561,0.7157928339474772,0.44589869758551404
0.0034375,0.7865029250814337,0.4984541856973874
0.0034391534391534392,0.5967746346435239,0.39321762112054903
0.0034408068783068784,0.5508625731336331,0.34600218940678956
0.0034424603174603176,0.5434473819005615,0.3257676025863806
0.003444113756613757,0.6694856396001696,0.4019003917173616
0.003445767195767196,0.6226282195623513,0.41433048673938994
0.0034474206349206352,0.7380142147602058,0.4655424286685595
0.003449074074074074,0.7278732249540536,0.46333168082191356
0.0034507275132275132,0.6359396932344764,0.3984711423116037
0.0034523809523809524,0.5942862672479781,0.3615031894351851
0.0034540343915343916,0.6693222092396048,0.4038765164772365
0.003455687830687831,0.6891699627130934,0.4233560209870121
0.00345734126984127,0.6813429002410214,0.45617638806885585
0.0034589947089947093,0.6884382754889232,0.4353100202906067
0.0034606481481481485,0.6579073323835861,0.4111168394772311
0.0034623015873015872,0.6002114944491013,0.3685620794375373
0.0034639550264550264,0.6388446507669956,0.39794831893423144
0.0034656084656084656,0.7576461207266786,0.4763668863881648
0.003467261904761905,0.6460158373583446,0.4168487774775479
0.003468915343915344,0.5986561414347221,0.41652628591532825
0.0034705687830687833,0.6115099986691327,0.40421318723351296
0.0034722222222222225,0.6558175051938985,0.4094587907145395
0.0034738756613756617,0.5927895905790671,0.3631450832012455
0.003475529100529101,0.6213086196080448,0.401949396406134
0.0034771825396825396,0.676296669926527,0.4435563363078148
0.003478835978835979,0.5847391515980513,0.3877412648130221
0.003480489417989418,0.5658858780733805,0.3921773471231487
0.0034821428571428573,0.5380397506171558,0.3807667196796768
0.0034837962962962965,0.6345135218766623,0.40155870265477384
0.0034854497354497357,0.6422019333836451,0.39901913740172984
0.003487103174603175,0.5778291108903296,0.39106686848635924
0.003488756613756614,0.5861571098698632,0.3829862729921693
0.003490410052910053,0.49819197371005264,0.31839124193070234
0.003492063492063492,0.5804720296108917,0.3783747193532372
0.0034937169312169313,0.5359509846586422,0.38265085041908586
0.0034953703703703705,0.599704628986937,0.38444208959514936
0.0034970238095238097,0.6907870127550165,0.4225698896395837
0.003498677248677249,0.5547852544255895,0.37906461198551644
0.003500330687830688,0.5241887278688211,0.3574536961861876
0.0035019841269841273,0.5649532177739354,0.3462707030640387
0.0035036375661375665,0.5725218585321727,0.35635933236556094
0.0035052910052910053,0.636737741883666,0.4278826019907679
0.0035069444444444445,0.6351199655798653,0.40609725396135643
0.0035085978835978837,0.6711799540809887,0.4210519963876323
0.003510251322751323,0.5577656838467885,0.36737407774684955
0.003511904761904762,0.5206316887674279,0.3625573451006225
0.0035135582010582013,0.6784974749838496,0.42730746983680973
0.0035152116402116405,0.6050377035881858,0.3750054135440253
0.0035168650793650797,0.706444294526627,0.43995846646624415
0.0035185185185185185,0.7031082453496671,0.4446067834848219
0.0035201719576719577,0.63837879989349,0.4160671937707415
0.003521825396825397,0.5658530999724861,0.35512930100588574
0.003523478835978836,0.5701910950254551,0.37932285806833954
0.0035251322751322753,0.7144730715397187,0.46233269915172764
0.0035267857142857145,0.6521517516879899,0.42803379461496893
0.0035284391534391537,0.6543732034708581,0.3864764044818792
0.003530092592592593,0.6875684346066084,0.40976498885545887
0.0035317460317460317,0.6173082655116108,0.4066321175261895
0.003533399470899471,0.5908994535314548,0.37030153695889056
0.00353505291005291,0.598608688944045,0.38843735680678615
0.0035367063492063493,0.7375261383532689,0.474493884708739
0.0035383597883597885,0.7096863852108457,0.4644630501523872
0.0035400132275132277,0.6264756349452414,0.3814966284520094
0.003541666666666667,0.596464134519821,0.34707964333920777
0.003543320105820106,0.5771355808208073,0.37238227621166275
0.0035449735449735453,0.5694370663341614,0.3614105743859762
0.003546626984126984,0.6170821420273274,0.4054325280970644
0.0035482804232804233,0.6703935341689393,0.4321250414696336
0.0035499338624338625,0.78230692664411,0.5010731794487192
0.0035515873015873017,0.6570053510038991,0.4141793492098813
0.003553240740740741,0.5726307937945248,0.34927880583832954
0.00355489417989418,0.5547362805180259,0.34328840706603814
0.0035565476190476193,0.556769662512397,0.35693406697211266
0.0035582010582010585,0.5640698010129804,0.3569747900164158
0.0035598544973544973,0.5678095607515925,0.3789202739102515
0.0035615079365079365,0.7137684581955521,0.4535270791750428
0.0035631613756613757,0.6677187688929453,0.43104889287819803
0.003564814814814815,0.585846954552688,0.37185573814955686
0.003566468253968254,0.6297820079093382,0.38656105311955025
0.0035681216931216933,0.6310544649432055,0.39077862257851087
0.0035697751322751325,0.528816185135482,0.3289938269604572
0.0035714285714285718,0.47116805739014983,0.30210260439763387
0.0035730820105820105,0.5627065540640135,0.36523339479421474
0.0035747354497354497,0.6507381761748451,0.4104760157852759
0.003576388888888889,0.6333562901815845,0.40839917882599736
0.003578042328042328,0.6534217884114086,0.41534536654638127
0.0035796957671957673,0.6815623501919778,0.4257039623361058
0.0035813492063492065,0.5837073967834536,0.3527163854644413
0.0035830026455026458,0.5073925352664315,0.30088327431563794
0.003584656084656085,0.541041839665902,0.34013450768992937
0.003586309523809524,0.5808908718515979,0.3688308778554702
0.003587962962962963,0.6685796822656804,0.42859918544198594
0.003589616402116402,0.7009083687253178,0.44970455453961045
0.0035912698412698413,0.6260096320630951,0.4050269479940738
0.0035929232804232806,0.6222813385639369,0.39196894775083274
0.0035945767195767198,0.6049276307757221,0.35396177218841873
0.003596230158730159,0.6091155860616815,0.36525483465361863
0.003597883597883598,0.5624745244134802,0.3543175093381122
0.0035995370370370374,0.6593291100151969,0.41114857713806624
0.003601190476190476,0.7275037232982821,0.4706952872995413
0.0036028439153439154,0.6058452092725729,0.40690155988397014
0.0036044973544973546,0.6207896076902361,0.3968288093997112
0.0036061507936507938,0.6616313550070803,0.4005276342130349
0.003607804232804233,0.6128056695642399,0.3888170944968396
0.003609457671957672,0.5822310596150563,0.37530901197872396
0.0036111111111111114,0.5901248752729774,0.3669105277698971
0.0036127645502645506,0.6612325857972506,0.4204265170322643
0.0036144179894179894,0.6219910064475175,0.42866573507788863
0.0036160714285714286,0.6278282325112633,0.4039372923523851
0.0036177248677248678,0.6574892057776591,0.39568457560258463
0.003619378306878307,0.5996820701115504,0.4208216339014369
0.003621031746031746,0.580065883284549,0.4022414239996506
0.0036226851851851854,0.5415867382333639,0.33827322273565225
0.0036243386243386246,0.566006928018726,0.3514191620310708
0.003625992063492064,0.5785364939069528,0.3939219220550564
0.003627645502645503,0.5969521278484253,0.3867731058940148
0.0036292989417989418,0.6609986612032729,0.39109286979360347
0.003630952380952381,0.5869239973655662,0.4191728371782816
0.00363260582010582,0.5993222626438066,0.41515956056053355
0.0036342592592592594,0.5424025701797364,0.33312598437226837
0.0036359126984126986,0.5025193066216485,0.31000253235723796
0.003637566137566138,0.5748460249729277,0.36834735315148004
0.003639219576719577,0.5735980234316803,0.3630664699469094
0.003640873015873016,0.711613992281059,0.42371400115473873
0.003642526455026455,0.6114357053830357,0.40165733769413514
0.003644179894179894,0.6314663357869992,0.4215875669468192
0.0036458333333333334,0.5993460479245898,0.36021758194333764
0.0036474867724867726,0.5052488074737826,0.3160115450758524
0.003649140211640212,0.6335597376880837,0.40192933579259377
0.003650793650793651,0.5896477460365827,0.3828700639076933
0.00365244708994709,0.7876035650902168,0.4906552708645154
0.0036541005291005294,0.7248772317477483,0.4558037971591428
0.0036557539682539686,0.6703741040929034,0.43054518450540663
0.0036574074074074074,0.6511204757602208,0.40983994112905997
0.0036590608465608466,0.573131588036661,0.36980493473898696
0.003660714285714286,0.6655698912095235,0.4374450985396098
0.003662367724867725,0.6468186001763567,0.4505494030808045
0.003664021164021164,0.7547750718196816,0.502605316569135
0.0036656746031746034,0.7593267041623543,0.48102300302696677
0.0036673280423280426,0.7069266096637294,0.44949351420999156
0.003668981481481482,0.6643622040757087,0.4250958563377093
0.0036706349206349206,0.627158515412158,0.41020693384641815
0.00367228835978836,0.6466804221090353,0.4416688950274306
0.003673941798941799,0.6681856086779843,0.46827780006551
0.0036755952380952382,0.6877330252741041,0.4796584342483283
0.0036772486772486774,0.6683901401418884,0.42612612369336483
0.0036789021164021166,0.704272133841416,0.45357446379958055
0.003680555555555556,0.6292745843763181,0.4160683998716197
0.003682208994708995,0.5947898713456151,0.3846806302974432
0.003683862433862434,0.6525746336533981,0.422639659391646
0.003685515873015873,0.7004615015653095,0.47596741075824517
0.0036871693121693122,0.6671823692702962,0.4450558758368616
0.0036888227513227514,0.5815048521680584,0.3795962805402588
0.0036904761904761906,0.66167581815722,0.43731170094486854
0.00369212962962963,0.6448163653503443,0.43447960815025427
0.003693783068783069,0.5838916176595079,0.3913749689149409
0.0036954365079365083,0.5977229672419135,0.37726146305000663
0.0036970899470899475,0.7348377587769173,0.47954202332520696
0.0036987433862433862,0.7093140486127522,0.4382569004202101
0.0037003968253968254,0.592700647576002,0.3799287294824763
0.0037020502645502646,0.6316288530992891,0.4138368862034222
0.003703703703703704,0.658291677463509,0.43296983706159486
0.003705357142857143,0.6253484726212882,0.4178101181705704
0.0037070105820105823,0.5701961978961199,0.36601495779969695
0.0037086640211640215,0.6709920065941749,0.4303644545641987
0.0037103174603174607,0.7017881091572805,0.4288328002866254
0.0037119708994708994,0.6187434860976329,0.3722594227783837
0.0037136243386243386,0.6637832140209858,0.41425937704767757
0.003715277777777778,0.6560547285760286,0.4189748353232517
0.003716931216931217,0.6787955044822995,0.43014440023410666
0.0037185846560846563,0.6022236885440714,0.38766649678581394
0.0037202380952380955,0.5515489809896974,0.36003117123780753
0.0037218915343915347,0.5958956349897184,0.369471035620983
0.003723544973544974,0.587839870641814,0.3419979879757659
0.0037251984126984126,0.6740245985878097,0.41576023356264746
0.003726851851851852,0.6594275815607423,0.43153601423116905
0.003728505291005291,0.6763582907587606,0.4203069108034079
0.0037301587301587303,0.6352759122698877,0.396534677895524
0.0037318121693121695,0.5000577700165554,0.3296222624015909
0.0037334656084656087,0.5105716136569641,0.33773611210332094
0.003735119047619048,0.5317484157235379,0.3190397216765794
0.003736772486772487,0.6416217639129286,0.4058164068016969
0.0037384259259259263,0.6429367657257504,0.43688033807726695
0.003740079365079365,0.6189441180425005,0.4022022118401258
0.0037417328042328043,0.6070363379163408,0.3750087544594669
0.0037433862433862435,0.5021068257341154,0.32579565002309907
0.0037450396825396827,0.49533661729481016,0.3371180129174855
0.003746693121693122,0.531269300682833,0.3414649004384074
0.003748346560846561,0.617032232767432,0.3905694431073983
0.0037500000000000003,0.6471369088771737,0.44111750208133815
0.0037516534391534395,0.5795938031499053,0.39301032796800894
0.0037533068783068783,0.5536398087281131,0.3616403583262702
0.0037549603174603175,0.5201312965300074,0.33695099259049033
0.0037566137566137567,0.497287013072814,0.3431184244855512
0.003758267195767196,0.5261510076170347,0.35239621999286685
0.003759920634920635,0.602251504867023,0.3772142413926665
0.0037615740740740743,0.6407788403040918,0.42968630701527
0.0037632275132275135,0.5908127597655762,0.39622023403675327
0.0037648809523809527,0.5064591045491413,0.34895661522403665
0.0037665343915343915,0.5474110803605367,0.3697342047867517
0.0037681878306878307,0.47764575059145564,0.33929454708372797
0.00376984126984127,0.4883243614759368,0.33356374205975103
0.003771494708994709,0.5395652922247816,0.35107797145953634
0.0037731481481481483,0.6016710818560819,0.3935273220592024
0.0037748015873015875,0.5679979278537927,0.37065368854495423
0.0037764550264550267,0.4384364697455837,0.30524778375415973
0.003778108465608466,0.5348631626207938,0.36195243671832245
0.003779761904761905,0.5041238414106157,0.3558782509982981
0.003781415343915344,0.4394843847944197,0.30699556139595496
0.003783068783068783,0.4678069497553563,0.3134032268962391
0.0037847222222222223,0.5260287365607949,0.35047821677423213
0.0037863756613756615,0.5037218391384772,0.3109432187448048
0.0037880291005291007,0.40294677481996255,0.2673353630993159
0.00378968253968254,0.5172382824710687,0.3413359632039121
0.003791335978835979,0.5652137022327384,0.3754877725365597
0.0037929894179894183,0.4486094012089214,0.29954680990122234
0.003794642857142857,0.463957757632268,0.30373798469037505
0.0037962962962962963,0.480987291869587,0.3231915795754585
0.0037979497354497355,0.4955292023424832,0.29386287339687767
0.0037996031746031747,0.4312069746279152,0.28018552141538305
0.003801256613756614,0.5408455573438097,0.3488104380863558
0.003802910052910053,0.6200527870613091,0.3891577227062393
0.0038045634920634923,0.5258336255780235,0.3384904540663769
0.0038062169312169315,0.5082464496542051,0.3243000972737171
0.0038078703703703703,0.5005377103770774,0.3343187927924253
0.0038095238095238095,0.547795080561102,0.325599141526519
0.0038111772486772487,0.5179450151853132,0.3238275996562171
0.003812830687830688,0.5353789269455974,0.3476986377432618
0.003814484126984127,0.5893412639186141,0.3612214368692301
0.0038161375661375663,0.5940816278454037,0.38330874997604597
0.0038177910052910055,0.5508148254461185,0.3585624463489314
0.0038194444444444448,0.5388045884304562,0.3714056077728789
0.003821097883597884,0.5845570784576642,0.3749495865275717
0.0038227513227513227,0.587416462248249,0.35188680169072745
0.003824404761904762,0.4814586956804775,0.31088244763110784
0.003826058201058201,0.4989629043695881,0.3067034148611725
0.0038277116402116403,0.5672594794411517,0.36921356227774327
0.0038293650793650796,0.48831181049781125,0.33542767335143375
0.0038310185185185188,0.529201891063135,0.37650190965785485
0.003832671957671958,0.6212570392489557,0.419303047330798
0.003834325396825397,0.5820944520759557,0.355542602707761
0.003835978835978836,0.4721406978969209,0.3035830209379799
0.003837632275132275,0.42277633187291874,0.27353970034110364
0.0038392857142857144,0.44884141097480834,0.299799357832215
0.0038409391534391536,0.41833754600614964,0.2897809773818036
0.0038425925925925928,0.4716118648523207,0.3261308852465816
0.003844246031746032,0.5826427193362912,0.40118245315557677
0.003845899470899471,0.5572803343256783,0.34806133302620884
0.0038475529100529104,0.49490483820829856,0.31458190545104053
0.0038492063492063496,0.41283469777137005,0.2804585766785221
0.0038508597883597884,0.4085729906259401,0.26900402294112075
0.0038525132275132276,0.4281159679678214,0.29153970428769715
0.0038541666666666668,0.4389120239174214,0.2801309777009236
0.003855820105820106,0.5433246124478581,0.3452819041593526
0.003857473544973545,0.526597216573658,0.3384387749444404
0.0038591269841269844,0.4641225503422713,0.28740965243078287
0.0038607804232804236,0.5033729386014134,0.32052018399690924
0.003862433862433863,0.49314425425779546,0.323268970723173
0.0038640873015873016,0.46581713791310086,0.29603593696411595
0.0038657407407407408,0.49061347100902536,0.30029057892417604
0.00386739417989418,0.5591140085490496,0.33150775312476555
0.003869047619047619,0.509583302934133,0.3294206490756287
0.0038707010582010584,0.40804451266753966,0.25425272029811596
0.0038723544973544976,0.5677155734984927,0.3445950601414482
0.003874007936507937,0.5782295026018729,0.36240745674362385
0.003875661375661376,0.48506107727133396,0.2988404968921765
0.0038773148148148148,0.5733844158415343,0.35413876463211474
0.003878968253968254,0.614518486028749,0.3633817661457138
0.003880621693121693,0.5163644658887315,0.3154517658304474
0.0038822751322751324,0.3859051725010577,0.2565495842505402
0.0038839285714285716,0.5305425689829203,0.32225635343212516
0.003885582010582011,0.5427112667459153,0.3252969461910862
0.00388723544973545,0.44719545856471365,0.27820709960423157
0.003888888888888889,0.6306449671877544,0.3891699474142265
0.0038905423280423284,0.6774666252108686,0.41198592414886037
0.003892195767195767,0.502137856161208,0.29605316382850355
0.0038938492063492064,0.4073829045121993,0.2521848746033725
0.0038955026455026456,0.5110930050012107,0.31853326628142026
0.003897156084656085,0.4590587163131765,0.2862271391923528
0.003898809523809524,0.42613876611495777,0.2734286818154283
0.003900462962962963,0.6037471245550353,0.37350383028386014
0.0039021164021164024,0.6523103057020534,0.39267575090381657
0.0039037698412698416,0.4915444354488049,0.2922981306882696
0.0039054232804232804,0.39753080505252464,0.2390240666902099
0.00390707671957672,0.5232662374210492,0.33216560588508637
0.003908730158730159,0.5088969771004455,0.3317840168688852
0.0039103835978835984,0.4671493834395857,0.3045382241658758
0.003912037037037037,0.524530744163962,0.32792585698500554
0.003913690476190476,0.5636415187099711,0.346140588751732
0.003915343915343915,0.439936544758141,0.2677499049215367
0.003916997354497354,0.40220729626091206,0.24531768564691986
0.003918650793650794,0.48361924699108405,0.3058043716558128
0.003920304232804233,0.5682110968285032,0.3694494608871661
0.003921957671957672,0.5432662385499886,0.33511986008454336
0.003923611111111111,0.4810774350460625,0.29979229276906405
0.00392526455026455,0.47999720861820455,0.31208051849638474
0.00392691798941799,0.38191221151208155,0.24779749803877885
0.003928571428571429,0.4317212842762792,0.26125658554490444
0.003930224867724868,0.4883276846360481,0.3025183096407666
0.003931878306878307,0.504527972167256,0.3325668420822151
0.0039335317460317465,0.5496965602479116,0.3306908968778757
0.003935185185185186,0.5076940213196182,0.30725746293455164
0.003936838624338625,0.4818406578628099,0.31296574200756117
0.003938492063492064,0.4232153128633985,0.27735810789969667
0.003940145502645502,0.4590683741289554,0.2999492483522119
0.003941798941798942,0.49317655222459034,0.3119148932593712
0.003943452380952381,0.4522407971705448,0.3002219854121034
0.00394510582010582,0.49651784962971,0.3157434569256534
0.003946759259259259,0.5174813034356247,0.32470346665390465
0.0039484126984126984,0.5440067477353584,0.3479372748143587
0.003950066137566138,0.5341916564397647,0.3455502119517434
0.003951719576719577,0.5081456457095924,0.33526817538188025
0.003953373015873016,0.4931845959635983,0.327902466843654
0.003955026455026455,0.44050546769700355,0.3008465243588628
0.0039566798941798945,0.4390960719559886,0.29897815322087057
0.003958333333333334,0.4811290695743296,0.32560249110090306
0.003959986772486773,0.5462338224775639,0.3500346155902468
0.003961640211640212,0.6063597235968898,0.3760422364038791
0.003963293650793651,0.5209111512754833,0.342840788991798
0.0039649470899470905,0.5198302171598234,0.3413915361371637
0.00396660052910053,0.4795502433889582,0.3259175115415469
0.003968253968253968,0.47031740845824976,0.32153804825153737
0.003969907407407407,0.4415951596995076,0.3086215001515588
0.0039715608465608464,0.47286488597463566,0.3115022757074578
0.003973214285714286,0.5342791351657019,0.3232586310054938
0.003974867724867725,0.49228889225150346,0.31284468376369295
0.003976521164021164,0.5377103871380599,0.34788135302722095
0.003978174603174603,0.5402288617213357,0.3651701834356485
0.0039798280423280425,0.5176618671187723,0.337327796964871
0.003981481481481482,0.45882370038791764,0.3087966958635371
0.003983134920634921,0.4299864574162872,0.27520349290453666
0.00398478835978836,0.45624112441419407,0.28753354648383944
0.003986441798941799,0.41990883156968756,0.27007944745388823
0.0039880952380952385,0.48867357197467276,0.32381768200103367
0.003989748677248678,0.533082162071789,0.3604580742593751
0.003991402116402117,0.5352247479986644,0.34356410573240004
0.003993055555555556,0.4556990835704183,0.2963664533156969
0.0039947089947089945,0.4509819492249922,0.28570390939316825
0.003996362433862434,0.48192337191373236,0.30435654855611677
0.003998015873015873,0.42182516032139783,0.27696910539423075
0.003999669312169312,0.4414003932460443,0.3189033270172981
0.004001322751322751,0.47883929363550587,0.33290112418594275
0.0040029761904761905,0.4955810921520321,0.31761547097478204
0.00400462962962963,0.4172380478760349,0.26275741659087576
0.004006283068783069,0.4668542138884378,0.2936861724025795
0.004007936507936508,0.5444756784864497,0.34727872075169464
0.004009589947089947,0.48287185563553175,0.3161224395885737
0.0040112433862433865,0.4520541279362055,0.3270839623683203
0.004012896825396826,0.47976370754566,0.3422189741171043
0.004014550264550265,0.4817624469166216,0.30372056250827034
0.004016203703703704,0.4006384298353911,0.2402133474455785
0.004017857142857143,0.4316450792229315,0.2727033176534503
0.0040195105820105825,0.5069319787054611,0.3329168573451065
0.004021164021164022,0.5003796323001393,0.3246562541974546
0.00402281746031746,0.4960325996558113,0.3307832975038266
0.004024470899470899,0.48644148862863135,0.33683373106715586
0.0040261243386243385,0.4739207590812615,0.2952161330991683
0.004027777777777778,0.3930648465776997,0.2286043068204283
0.004029431216931217,0.4386928913245164,0.27078727328775815
0.004031084656084656,0.47422174463509736,0.3227432474632986
0.004032738095238095,0.44600947967743165,0.30109008321976194
0.0040343915343915345,0.4838597387793083,0.30500480027866755
0.004036044973544974,0.4888010804746144,0.3217060642783431
0.004037698412698413,0.43709733722762406,0.251550551580565
0.004039351851851852,0.40319376689590913,0.22961021555873415
0.004041005291005291,0.4316688544249883,0.271662136333725
0.0040426587301587305,0.47715419452049324,0.32374881062273053
0.00404431216931217,0.4321984775505863,0.2824809103580046
0.004045965608465609,0.4820097421877964,0.3053134335800393
0.004047619047619048,0.5045845173182406,0.320359103135029
0.004049272486772487,0.4245395497996612,0.2380094410745
0.004050925925925926,0.4075314994071041,0.22698412439656304
0.004052579365079365,0.43279628261660164,0.25939694581247924
0.004054232804232804,0.46088466344643164,0.30434280508065437
0.004055886243386243,0.40721835187551086,0.2685469082132737
0.0040575396825396825,0.46670685794043293,0.2857910968974743
0.004059193121693122,0.5366593194042334,0.33439230578248136
0.004060846560846561,0.45792467578874185,0.27373386566761965
0.0040625,0.4644539445131033,0.26443354127970276
0.004064153439153439,0.4616533059022519,0.2756667763281236
0.0040658068783068785,0.41676957599779846,0.2693053150183017
0.004067460317460318,0.37273037690172955,0.25856026720045316
0.004069113756613757,0.414261229235625,0.25722618546699544
0.004070767195767196,0.5016613428414141,0.3019293777865541
0.004072420634920635,0.5013940524595022,0.31305353112129874
0.004074074074074075,0.5081458346029942,0.3095042292450849
0.004075727513227514,0.5350113092742069,0.3169203486890171
0.004077380952380952,0.41863221325971284,0.28582607426507506
0.004079034391534391,0.3623462135988239,0.25571420273426004
0.0040806878306878305,0.4089741023716736,0.264105434193458
0.00408234126984127,0.4302508540069884,0.26622399730187146
0.004083994708994709,0.49432968161667806,0.3113485152188953
0.004085648148148148,0.5187460053618967,0.3255383661270143
0.004087301587301587,0.5622417534601661,0.3391283687100531
0.0040889550264550266,0.4817078297867265,0.31393681707779275
0.004090608465608466,0.41056823853409724,0.28590832261514804
0.004092261904761905,0.4212995802337947,0.2726383469233704
0.004093915343915344,0.459775660668735,0.2900000769795673
0.004095568783068783,0.4808617914344246,0.313103152492444
0.004097222222222223,0.5311005900473696,0.3340562768135701
0.004098875661375662,0.5665741559110257,0.35752957146426695
0.004100529100529101,0.5221677535935253,0.3273036431585167
0.00410218253968254,0.46860424517640675,0.3047191185459144
0.004103835978835979,0.4646781586461909,0.30440805262303283
0.004105489417989418,0.5314917200060263,0.3341179890968127
0.004107142857142857,0.5187250410286378,0.3376966676943565
0.004108796296296296,0.515376348364521,0.33183310903341295
0.004110449735449735,0.5677125472308032,0.3623678764553179
0.0041121031746031746,0.5246248081508526,0.3279826710126163
0.004113756613756614,0.4899505022563691,0.2983716811243875
0.004115410052910053,0.5155003433888228,0.3323047941050488
0.004117063492063492,0.5671919592492248,0.3635024553141668
0.004118716931216931,0.5425723750989513,0.3429351232677577
0.004120370370370371,0.4568742290865196,0.2992917204419216
0.00412202380952381,0.5336714269852477,0.3293134531944714
0.004123677248677249,0.5035160909593739,0.31323550318034576
0.004125330687830688,0.4970196608020304,0.29017617956389563
0.004126984126984127,0.5097799597175016,0.3088671327529134
0.004128637566137567,0.526575051203989,0.338217290435658
0.004130291005291006,0.5028620015775062,0.32022371807342187
0.004131944444444445,0.45086179055185793,0.2819845875564275
0.004133597883597883,0.48790391429703983,0.28603960411007107
0.004135251322751323,0.47733306860032565,0.28567248444563864
0.004136904761904762,0.5300311934475407,0.307353892205035
0.004138558201058201,0.5081375738929151,0.30755944363661214
0.00414021164021164,0.42987278539656487,0.2743574691408382
0.004141865079365079,0.45993215321371705,0.29339548459013737
0.004143518518518519,0.4877579033656855,0.2990782780345947
0.004145171957671958,0.4895279635391087,0.27914727117057053
0.004146825396825397,0.45409556459974276,0.264718905124703
0.004148478835978836,0.5359610617476687,0.30929696992971484
0.004150132275132275,0.5635032686307855,0.3493921914858022
0.004151785714285715,0.4304957541781897,0.2789833328012808
0.004153439153439154,0.448351122226111,0.27935182720346086
0.004155092592592593,0.49138982292215894,0.2938767110553886
0.004156746031746032,0.48951346416663744,0.28108493282372704
0.0041583994708994714,0.45961368306395856,0.27741345125221417
0.004160052910052911,0.5147192811194394,0.31421840781797544
0.004161706349206349,0.5520074966152252,0.3484319841753164
0.004163359788359788,0.46192260000894025,0.2857247793526464
0.004165013227513227,0.49476730844811423,0.3010951334379296
0.004166666666666667,0.45298380425096063,0.2682832623385905
0.004168320105820106,0.4300906886564352,0.2646520868298154
0.004169973544973545,0.45333486777699844,0.2815178267522987
0.004171626984126984,0.4765365361057334,0.29911526184420234
0.004173280423280423,0.49026679741827167,0.3138543111078387
0.004174933862433863,0.45211490000477694,0.27992640751517084
0.004176587301587302,0.4373075558232624,0.26613777449390885
0.004178240740740741,0.46412810610836047,0.2756189282659501
0.00417989417989418,0.3872753672859108,0.24126499580451147
0.0041815476190476195,0.42549849310302157,0.26232802874370686
0.004183201058201059,0.45141939067953113,0.28535548999743715
0.004184854497354498,0.42464673280760595,0.2784340914469345
0.004186507936507937,0.44305591663926813,0.2660573720783094
0.004188161375661375,0.4209259319597023,0.26144235381082276
0.004189814814814815,0.491918846690565,0.2957786767583279
0.004191468253968254,0.4104365890686793,0.24439655086705434
0.004193121693121693,0.40460061931260777,0.23133251679928418
0.004194775132275132,0.438518963890814,0.26379825091113
0.0041964285714285714,0.4311524930764635,0.29385075162802304
0.004198082010582011,0.452034689904349,0.2738924594824076
0.00419973544973545,0.46783098495034464,0.2954729842168637
0.004201388888888889,0.5162560365656352,0.3235655750970061
0.004203042328042328,0.4764411018022659,0.28376605423697293
0.0042046957671957675,0.42193064518390955,0.2416350225025783
0.004206349206349207,0.4440737344802148,0.25902643212045584
0.004208002645502646,0.4004855032028663,0.2685366741357295
0.004209656084656085,0.4427195957191335,0.2954422986739446
0.004211309523809524,0.468276606655054,0.3115030101197823
0.0042129629629629635,0.5400925559302475,0.34841968558063285
0.004214616402116403,0.5035163697757947,0.3064754934107483
0.004216269841269841,0.44796618323708265,0.2759300230179267
0.00421792328042328,0.44764557084955636,0.273325499562503
0.0042195767195767194,0.3693188326201801,0.24743608831824537
0.004221230158730159,0.42953344667500865,0.29005134854656767
0.004222883597883598,0.43202015997323306,0.30496103936398145
0.004224537037037037,0.48742945881034233,0.32370310709495376
0.004226190476190476,0.4670410438404718,0.2820751243690824
0.0042278439153439155,0.4079029717254435,0.25253913118304383
0.004229497354497355,0.43949548018438006,0.2786254690486607
0.004231150793650794,0.36701735986438344,0.2509228047421857
0.004232804232804233,0.44121458152172544,0.28565995411788786
0.004234457671957672,0.43118433486525837,0.2998239566467324
0.0042361111111111115,0.4154594239284713,0.2786335234059986
0.004237764550264551,0.4130760548307485,0.25218266114855103
0.00423941798941799,0.3506203723637015,0.21424566529499706
0.004241071428571429,0.407009622651705,0.2542221255453548
0.004242724867724868,0.3885080151821942,0.2616407140367955
0.004244378306878307,0.39085560539893166,0.2492201799909222
0.004246031746031746,0.44082003931333125,0.2966257038527385
0.004247685185185185,0.4447852293146468,0.2991500447255778
0.004249338624338624,0.4373970263873824,0.2766695004476718
0.0042509920634920635,0.37609579812916616,0.23205154369292694
0.004252645502645503,0.3780564797611159,0.23541610931972795
0.004254298941798942,0.4417706811978291,0.29776238920709747
0.004255952380952381,0.3273961781851018,0.21074159850884527
0.00425760582010582,0.41775321328420145,0.2741589886929128
0.0042592592592592595,0.504683551692234,0.3297773847357959
0.004260912698412699,0.5262960543345705,0.34432479149976475
0.004262566137566138,0.4314354569514005,0.2734567338312428
0.004264219576719577,0.3783742617529391,0.23976671369176522
0.004265873015873016,0.5091304949920152,0.3422917390693045
0.0042675264550264555,0.36811437252438295,0.24091106477801816
0.004269179894179895,0.41382832783526274,0.25329290120660014
0.004270833333333333,0.5128362626180434,0.3152181898920583
0.004272486772486772,0.5305685156538238,0.34439837115709104
0.0042741402116402115,0.42917435012214533,0.2847461077777827
0.004275793650793651,0.38894851684745213,0.25426390879047234
0.00427744708994709,0.49432327084945454,0.3206891341050773
0.004279100529100529,0.4333246015933711,0.2785595516506074
0.004280753968253968,0.4628752910470173,0.25484244163757686
0.0042824074074074075,0.46657248904739457,0.2691626524101963
0.004284060846560847,0.4354922530116644,0.27905198735375325
0.004285714285714286,0.37053322039474446,0.2529669573315961
0.004287367724867725,0.368608130642349,0.24887732343633273
0.004289021164021164,0.40736774014601684,0.2456448806057154
0.0042906746031746035,0.41036183589459774,0.240325440094897
0.004292328042328043,0.4748979332484836,0.2598615728913975
0.004293981481481482,0.4099660527467636,0.22947646115970635
0.004295634920634921,0.32656482761713634,0.21482504590915105
0.00429728835978836,0.32005261299716414,0.21781632871162743
0.004298941798941799,0.3699239169484519,0.23592173012667078
0.004300595238095238,0.3602764885241678,0.2134046035018921
0.004302248677248677,0.3471481497031767,0.19420783798978014
0.004303902116402116,0.4340147334710007,0.24329196485866145
0.0043055555555555555,0.423837555411566,0.241998984372115
0.004307208994708995,0.3043127633883631,0.20007737105607026
0.004308862433862434,0.3417961789295887,0.23617925195321468
0.004310515873015873,0.38768078151754004,0.23673650144479802
0.004312169312169312,0.39395412477942854,0.23710151075665645
0.0043138227513227516,0.33936596993737317,0.2021706960238507
0.004315476190476191,0.42434616726125696,0.24105603167880152
0.00431712962962963,0.47654441486875515,0.2849382506189254
0.004318783068783069,0.3562779922508892,0.2426838739377944
0.004320436507936508,0.39699447409033267,0.2647840042222598
0.004322089947089948,0.425828514337888,0.253939947335003
0.004323743386243387,0.43832134607256207,0.26601425560135106
0.004325396825396826,0.35317960888671357,0.21903280012695933
0.004327050264550264,0.42539365935537155,0.24826812157661046
0.0043287037037037035,0.49515563612139657,0.29321685525266444
0.004330357142857143,0.42725410070779984,0.2962775948839692
0.004332010582010582,0.45074370863778596,0.2874485508651541
0.004333664021164021,0.4262032788379678,0.26977603761218466
0.00433531746031746,0.44057246321578636,0.2712268232504454
0.0043369708994708996,0.3592774865155126,0.2193672223460572
0.004338624338624339,0.4255237295639187,0.24702449433989532
0.004340277777777778,0.45503950074864347,0.2764584514134405
0.004341931216931217,0.46710155852035284,0.31059446644504035
0.004343584656084656,0.4795845475724627,0.29984921964032163
0.004345238095238096,0.4171773113280958,0.2594708200244034
0.004346891534391535,0.41856714734583506,0.27502891585049255
0.004348544973544974,0.3520069901274181,0.22813414152714329
0.004350198412698413,0.3937302439017912,0.2380105329871618
0.004351851851851852,0.41149445889108904,0.2586698655419748
0.004353505291005292,0.46377750795128825,0.295196543649561
0.00435515873015873,0.5073005264516564,0.3153405666567308
0.004356812169312169,0.39207946673156663,0.23628152640493813
0.004358465608465608,0.3832416265754566,0.2497747665377194
0.004360119047619048,0.3357859189078261,0.23000947733727814
0.004361772486772487,0.37733732354560595,0.23947104223129503
0.004363425925925926,0.3979082140959936,0.253145626546743
0.004365079365079365,0.4201113626070097,0.27310613220758456
0.004366732804232804,0.48005523978910086,0.3096381561775181
0.004368386243386244,0.377994740796616,0.23811084066963054
0.004370039682539683,0.3772900102352886,0.2323385095769773
0.004371693121693122,0.35878652677767287,0.24588511558103093
0.004373346560846561,0.37923711826938267,0.2387125271847763
0.004375,0.38432111732956303,0.25769991383558044
0.00437665343915344,0.3639332649270422,0.24024748102199373
0.004378306878306879,0.40228583742578794,0.26441338649899676
0.004379960317460318,0.37200167372488224,0.2546298103069054
0.004381613756613756,0.39980966082242453,0.252761200943753
0.004383267195767196,0.3903303270663537,0.27092199174020143
0.004384920634920635,0.37154710593311385,0.24611340539058676
0.004386574074074074,0.379635419538207,0.25432878956141997
0.004388227513227513,0.3283988886962185,0.22723145360396402
0.004389880952380952,0.3466431290225413,0.2252000632375334
0.004391534391534392,0.3512767526754954,0.2446922444137018
0.004393187830687831,0.3887178473204272,0.2643984737701692
0.00439484126984127,0.3851380535835958,0.25629153072580424
0.004396494708994709,0.3479361148642435,0.24128986608240602
0.004398148148148148,0.35511495342873173,0.24755926298247818
0.004399801587301588,0.354332492323378,0.2515401341478772
0.004401455026455027,0.3556416247821633,0.23380232069379325
0.004403108465608466,0.3658012475600065,0.24051421680056773
0.004404761904761905,0.3740332771464767,0.25696742806334266
0.0044064153439153445,0.3497380758327184,0.2329029760938162
0.004408068783068784,0.3150795665260386,0.21105632053574822
0.004409722222222222,0.34908007768011423,0.23797341056525703
0.004411375661375661,0.40918010375475766,0.2832499009149006
0.0044130291005291,0.37264974287922875,0.24223720589652292
0.00441468253968254,0.42427545220728474,0.2630942146884603
0.004416335978835979,0.3819874373210021,0.24956179987524454
0.004417989417989418,0.35634269631339793,0.24691090029339585
0.004419642857142857,0.35293706760342347,0.2273115485830256
0.004421296296296296,0.3545147797559121,0.22693651899850778
0.004422949735449736,0.45400853352916637,0.2991050885319389
0.004424603174603175,0.38716169873929834,0.24076203753473038
0.004426256613756614,0.41000111791618,0.24349571331078013
0.004427910052910053,0.40067789482197663,0.2444641661028722
0.0044295634920634925,0.3725228925786555,0.25416963697410866
0.004431216931216932,0.4420275331430927,0.2753762385519839
0.004432870370370371,0.39171262706414517,0.24615045145178505
0.00443452380952381,0.44696379055168983,0.2858196180075932
0.004436177248677249,0.41908821207979835,0.26015698895305367
0.004437830687830688,0.3753694162328018,0.22669911541739116
0.004439484126984127,0.36192236595116745,0.21881098073981203
0.004441137566137566,0.38286490313070637,0.24706273980909732
0.004442791005291005,0.4768357875688272,0.2804343068157823
0.0044444444444444444,0.41548944680427746,0.26045400029577104
0.004446097883597884,0.4124239944410182,0.25967495364831555
0.004447751322751323,0.41563347099960096,0.26419473818330497
0.004449404761904762,0.3719325853774758,0.2389681989756502
0.004451058201058201,0.32108398283270184,0.20721364039119267
0.0044527116402116405,0.36524503082847554,0.2357483421017726
0.00445436507936508,0.44516529782368197,0.25526821665131616
0.004456018518518519,0.418553965310498,0.25336487623866605
0.004457671957671958,0.37900857685038347,0.23300752979369707
0.004459325396825397,0.35325523694347993,0.22416458200441092
0.0044609788359788365,0.3552344859640133,0.24565731422669948
0.004462632275132276,0.3244858979175413,0.21304792804456926
0.004464285714285715,0.35031611908119425,0.21640793703626318
0.004465939153439153,0.41012362033495436,0.2493384633414954
0.0044675925925925924,0.42237656590559125,0.25787040240696685
0.004469246031746032,0.37649803736980153,0.22757988906678378
0.004470899470899471,0.3276122719010399,0.19890953124724498
0.00447255291005291,0.3406220001720289,0.22666918444048043
0.004474206349206349,0.35677867900735827,0.23516939987531085
0.0044758597883597885,0.34319398097208675,0.20982136098418433
0.004477513227513228,0.40444222699788474,0.249088297488314
0.004479166666666667,0.44817467466149424,0.2750675045993775
0.004480820105820106,0.40812291434870085,0.25531229230942876
0.004482473544973545,0.36344668867039315,0.2331742921187659
0.0044841269841269845,0.3508600487968836,0.22186361805251698
0.004485780423280424,0.38937447760201216,0.2518038367770782
0.004487433862433863,0.3614153106118364,0.22930283275562227
0.004489087301587302,0.42283390011078353,0.2636477118061931
0.004490740740740741,0.43535705219893406,0.26881272711906506
0.00449239417989418,0.39478469045768383,0.2559822988973561
0.004494047619047619,0.385767269367313,0.25925218082765084
0.004495701058201058,0.3965059172415669,0.25362431583552014
0.004497354497354497,0.4229089970788911,0.2867627954785951
0.0044990079365079365,0.394026766923747,0.2693940277366721
0.004500661375661376,0.42180890921423514,0.26143332966721006
0.004502314814814815,0.42744103293910046,0.263538733053268
0.004503968253968254,0.36499245957453746,0.2380914164489092
0.004505621693121693,0.3493182781216242,0.2389422142911329
0.0045072751322751325,0.3866319676394514,0.26056533177223024
0.004508928571428572,0.44058565083333917,0.3139642607923706
0.004510582010582011,0.4073957004514856,0.28510522879159095
0.00451223544973545,0.42918816153311945,0.2605758128297907
0.004513888888888889,0.4408060636131892,0.25865675002263316
0.0045155423280423285,0.35232341317995003,0.23359276511008806
0.004517195767195768,0.3238343453306222,0.23198552431863093
0.004518849206349207,0.3544935756721463,0.24419464704269145
0.004520502645502645,0.40747326049724447,0.2930024872055179
0.0045221560846560845,0.388449838026692,0.26620944911766214
0.004523809523809524,0.39327508812990963,0.23896116511068866
0.004525462962962963,0.4411778527776877,0.24777795576522543
0.004527116402116402,0.3451106454086773,0.22167470090383617
0.004528769841269841,0.3405887515258121,0.23536809377920243
0.0045304232804232805,0.3515878561042497,0.2502967859656766
0.00453207671957672,0.3760350383799086,0.27267391842362204
0.004533730158730159,0.36513835497796165,0.24325110497373884
0.004535383597883598,0.3361888956102889,0.20292399730910993
0.004537037037037037,0.39884782607688285,0.2191718187333306
0.0045386904761904765,0.3528320002634953,0.21830539220085687
0.004540343915343916,0.36691042732462037,0.23926478650275484
0.004541997354497355,0.35485666758689627,0.25395217454068936
0.004543650793650794,0.366005751079072,0.2527946659098411
0.004545304232804233,0.39051097051088424,0.2505152955672201
0.004546957671957673,0.3316830010569946,0.20556295937014477
0.004548611111111111,0.3571543292809266,0.21093593357607746
0.00455026455026455,0.36662136610527296,0.2220461659688947
0.004551917989417989,0.3966477144840468,0.24609305646631005
0.0045535714285714285,0.37280107629194575,0.25199256635844636
0.004555224867724868,0.36450158979933756,0.2294540086714772
0.004556878306878307,0.39894954352906725,0.2529182952517196
0.004558531746031746,0.38007501159627993,0.23768993983796474
0.004560185185185185,0.37229598151113735,0.23346956271647873
0.0045618386243386246,0.4000383197574147,0.253191788854741
0.004563492063492064,0.3921049051693828,0.2410027896905876
0.004565145502645503,0.3580287115849491,0.21317446384748454
0.004566798941798942,0.3738392797229366,0.20611006118965355
0.004568452380952381,0.3705120847830329,0.23544394352165157
0.004570105820105821,0.403799561997062,0.2579578371476916
0.00457175925925926,0.39471388121984374,0.2443919973857266
0.004573412698412699,0.41094882048810033,0.2628240000277476
0.004575066137566137,0.3706647831516808,0.2245145100986112
0.0045767195767195765,0.3326076342666655,0.18183834616630526
0.004578373015873016,0.34666053893215326,0.17983306902592147
0.004580026455026455,0.35014725188331786,0.2090748681216243
0.004581679894179894,0.3579876646093112,0.2148869440682778
0.004583333333333333,0.37520818366555503,0.2289732772621048
0.0045849867724867726,0.3968375086349203,0.25364595209237706
0.004586640211640212,0.35267768730679294,0.22326311639379284
0.004588293650793651,0.32951443970232747,0.1737886605011988
0.00458994708994709,0.3328440554561752,0.17794722847126113
0.004591600529100529,0.3516008392563797,0.19271323359765302
0.004593253968253969,0.3357394111857803,0.1808388020635754
0.004594907407407408,0.3050412657671537,0.19544115967468506
0.004596560846560847,0.3552547913148881,0.2416369605529441
0.004598214285714286,0.3680369312735507,0.2451352900974857
0.004599867724867725,0.3517591770113782,0.19503545430316593
0.004601521164021165,0.34728114235124335,0.19293110281524148
0.004603174603174603,0.3412628302909546,0.186649633113541
0.004604828042328042,0.3578035833786242,0.19499117796660403
0.004606481481481481,0.303963445962065,0.20447270509019833
0.004608134920634921,0.32222944631003547,0.22919287386875684
0.00460978835978836,0.3707945011654209,0.2554836160598072
0.004611441798941799,0.36067701766800764,0.22107616802708555
0.004613095238095238,0.3782976746644392,0.21859660148195165
0.004614748677248677,0.32931398972783094,0.19285408648830488
0.004616402116402117,0.341656512430318,0.20849763057598195
0.004618055555555556,0.3481905674841168,0.23224899553689737
0.004619708994708995,0.3158633059345036,0.2175636614931128
0.004621362433862434,0.3599454783792029,0.23410968529018067
0.004623015873015873,0.36628441848419163,0.22455987986525622
0.004624669312169313,0.3782062722396442,0.23708497905693815
0.004626322751322752,0.34570774194231285,0.21591361973333073
0.004627976190476191,0.2929971146919803,0.19666575520024535
0.00462962962962963,0.3434714127955834,0.23262375541222297
0.004631283068783069,0.30924591607970037,0.20293175831974877
0.004632936507936508,0.33733122033043317,0.20149697388606314
0.004634589947089947,0.34741258299573635,0.2016695457124295
0.004636243386243386,0.34527481055962284,0.22844661869138502
0.004637896825396825,0.3326112153777696,0.21937453730835518
0.004639550264550265,0.28750918784674756,0.18973207430902256
0.004641203703703704,0.3167809187153834,0.21517391404664754
0.004642857142857143,0.32015423064645254,0.2071655539685267
0.004644510582010582,0.30958304136426024,0.19543617718984369
0.004646164021164021,0.31776884881668593,0.191742315662924
0.004647817460317461,0.3148664958191197,0.2113791183661102
0.0046494708994709,0.2938765767106187,0.21052707316521377
0.004651124338624339,0.28267128440766587,0.1830140669698511
0.004652777777777778,0.29415610451823965,0.19548026438076974
0.0046544312169312175,0.35001512787435873,0.23013227745208478
0.004656084656084657,0.3087888182872733,0.205424298330049
0.004657738095238096,0.30922568327290695,0.20733866157788086
0.004659391534391534,0.32523012451015704,0.2154575447843524
0.004661044973544973,0.27482042052553035,0.20113349098146327
0.004662698412698413,0.2722920827704359,0.183161928842758
0.004664351851851852,0.2924994754452992,0.1866491626353609
0.004666005291005291,0.37251370208214085,0.2392718039819281
0.00466765873015873,0.3289769236873514,0.22930756227924123
0.0046693121693121694,0.3129950466337021,0.21756012898686106
0.004670965608465609,0.3290343460984135,0.21398979623449615
0.004672619047619048,0.2855440502790726,0.19738993150425796
0.004674272486772487,0.2838591032289266,0.18200055217767283
0.004675925925925926,0.3585398620381522,0.22231533505103618
0.0046775793650793655,0.3828073487552806,0.23661803566685105
0.004679232804232805,0.3397103498675621,0.22199258853240278
0.004680886243386244,0.34957019188186095,0.24115276858757045
0.004682539682539683,0.34155788538272025,0.23108597364159902
0.004684193121693122,0.32070256808595926,0.20817960835892171
0.004685846560846561,0.3131586995126825,0.19925713993897684
0.0046875,0.3853617591399643,0.2365297052358537
0.004689153439153439,0.40888656501209364,0.24546369653247319
0.004690806878306878,0.3340316640195416,0.19848094314711667
0.0046924603174603174,0.34852153322467705,0.2272286193853857
0.004694113756613757,0.4030444051848477,0.26897865341506866
0.004695767195767196,0.36387601759685473,0.22990456247790556
0.004697420634920635,0.3445078925473139,0.2133543085664867
0.004699074074074074,0.3676311431874732,0.2305596758681584
0.0047007275132275135,0.3756541941063763,0.23016730551064934
0.004702380952380953,0.32255103657143736,0.19583965966338035
0.004704034391534392,0.34150569863264024,0.21284530697702042
0.004705687830687831,0.41863146487367003,0.2658799238362331
0.00470734126984127,0.38329870996455,0.23889203928577057
0.0047089947089947095,0.33255415836368163,0.20334842679787485
0.004710648148148149,0.3216063202078896,0.2080725943103695
0.004712301587301588,0.3294094448967935,0.20600816567673877
0.004713955026455026,0.29963540123237364,0.2025200985409615
0.0047156084656084655,0.3392635190102045,0.21471896481832356
0.004717261904761905,0.3939619611341458,0.24030669525659523
0.004718915343915344,0.35652425567491197,0.22076247827829032
0.004720568783068783,0.2768132084661183,0.18443149781459417
0.004722222222222222,0.2904426713136159,0.1975821600623026
0.0047238756613756615,0.3074723833610451,0.20023176317370237
0.004725529100529101,0.2608138384973299,0.17824524396833089
0.00472718253968254,0.30050823272099814,0.19227530397910836
0.004728835978835979,0.3375428652294611,0.21198065958008314
0.004730489417989418,0.3610478470927401,0.21937877304356962
0.0047321428571428575,0.28241461708363064,0.18847900368991266
0.004733796296296297,0.25539229516729617,0.1871745720473353
0.004735449735449736,0.31427402040327584,0.21184046846275828
0.004737103174603175,0.26611833547020214,0.17794708179460464
0.004738756613756614,0.2754542533258072,0.1711616680528207
0.0047404100529100535,0.29519021238096327,0.19490283753781024
0.004742063492063492,0.3971368845690225,0.25003763734855045
0.004743716931216931,0.3651467661963862,0.22876795705228445
0.00474537037037037,0.25790357493284,0.1781838936717342
0.0047470238095238095,0.3105391448295867,0.21652573067205239
0.004748677248677249,0.32120785229160975,0.22453868745870686
0.004750330687830688,0.3242374625482829,0.20004268866238584
0.004751984126984127,0.3045088187068961,0.20522965611089072
0.004753637566137566,0.39053561018240934,0.24689133517533926
0.0047552910052910055,0.4522290852602427,0.27846801953541583
0.004756944444444445,0.31445206230840367,0.18934196697665204
0.004758597883597884,0.2982762848502119,0.19590825180625093
0.004760251322751323,0.31375783042258876,0.22871876220040202
0.004761904761904762,0.3608037473280313,0.2309639811781253
0.0047635582010582015,0.35092695264401863,0.22778081498614697
0.004765211640211641,0.38641185830638053,0.24331153123160112
0.00476686507936508,0.4599567196551098,0.2734209845426507
0.004768518518518518,0.35988076111300715,0.22184674495858756
0.0047701719576719575,0.2927980621272182,0.17269809664908695
0.004771825396825397,0.28096022924562086,0.18540201736310288
0.004773478835978836,0.31637001781502777,0.21076186529127594
0.004775132275132275,0.3717738385140099,0.23318123603322394
0.004776785714285714,0.39836550455620584,0.25150175160228244
0.0047784391534391535,0.4644544898952963,0.27673690569288234
0.004780092592592593,0.3799794798950895,0.2321928979549842
0.004781746031746032,0.2951606603892024,0.18264142101634764
0.004783399470899471,0.28897106386507654,0.17994749957095524
0.00478505291005291,0.30414513187727615,0.2099213450289387
0.0047867063492063495,0.3706007292740143,0.2343648283175966
0.004788359788359789,0.3481056287993836,0.2198473802013491
0.004790013227513228,0.4192167423942613,0.24816903502315596
0.004791666666666667,0.367617052118211,0.22819779884181815
0.004793320105820106,0.35032449270567784,0.21138247065118218
0.004794973544973546,0.3524260754765924,0.21018244852295193
0.004796626984126984,0.3568527703427615,0.24681524084221385
0.004798280423280423,0.3547057314989892,0.23708276097803552
0.004799933862433862,0.2858982901662597,0.18499165080671834
0.0048015873015873015,0.32068537782285006,0.19366360655068082
0.004803240740740741,0.31117397343965203,0.20178628451283712
0.00480489417989418,0.3460083661776613,0.2074915456903867
0.004806547619047619,0.4184261906624249,0.2241953610565022
0.004808201058201058,0.4131369734909274,0.25839615484786416
0.0048098544973544976,0.3720361334978164,0.248781704040799
0.004811507936507937,0.261971366814134,0.1798374121904932
0.004813161375661376,0.2371655130975153,0.15664870270425676
0.004814814814814815,0.2881541818235273,0.18360269067287827
0.004816468253968254,0.3407982631395117,0.20497468162987345
0.004818121693121694,0.38904913182326767,0.21343467999963728
0.004819775132275133,0.4060615135952934,0.2393388931313523
0.004821428571428572,0.38911454283725516,0.2540921048476407
0.004823082010582011,0.30993422832549533,0.21194508302355977
0.0048247354497354495,0.24180435871166164,0.16745751450146928
0.004826388888888889,0.29396793061987664,0.19165105094199436
0.004828042328042328,0.3410605125833566,0.20100287462420938
0.004829695767195767,0.34942208476835385,0.2102018185928205
0.004831349206349206,0.3650802955568927,0.22564089865633286
0.0048330026455026456,0.38330549844797274,0.2528377473976584
0.004834656084656085,0.37386032315821616,0.2611564227769852
0.004836309523809524,0.28570227725779473,0.20614996883629144
0.004837962962962963,0.3093655951113843,0.20436611984702469
0.004839616402116402,0.3302737395941766,0.2000709343551199
0.004841269841269842,0.31879502955340044,0.20476039282685293
0.004842923280423281,0.3323157291651932,0.21397491572545602
0.00484457671957672,0.3427534665761749,0.22917469551013758
0.004846230158730159,0.394580328875247,0.26749313873013325
0.004847883597883598,0.31207975309872055,0.23006801677587202
0.004849537037037038,0.3057036762092668,0.2117818791599781
0.004851190476190477,0.3072250618355944,0.19472307969182906
0.004852843915343915,0.31479502352108957,0.20063383987701972
0.004854497354497354,0.3112774886677304,0.19730628176007886
0.004856150793650794,0.3127529146682493,0.19875916844078653
0.004857804232804233,0.33884661964254886,0.2225237972896779
0.004859457671957672,0.2960315154362833,0.20288169783290375
0.004861111111111111,0.2884352697061329,0.20299879376496632
0.00486276455026455,0.3103507274150768,0.20323072132052022
0.00486441798941799,0.3224599914436428,0.20178826036461422
0.004866071428571429,0.3277772447021459,0.19456555791051308
0.004867724867724868,0.2917172878104509,0.17720072035179016
0.004869378306878307,0.3059642714148391,0.18891978539637136
0.004871031746031746,0.27423039591265513,0.17556324946251556
0.004872685185185186,0.2952314857735265,0.19801477517630608
0.004874338624338625,0.3064369960289947,0.1958289547409262
0.004875992063492064,0.3190405961627498,0.20184156333225942
0.004877645502645503,0.35380909299189667,0.20426478435402043
0.004879298941798942,0.2846344747005897,0.18040332548272628
0.004880952380952381,0.2950615135160376,0.16963958564230855
0.00488260582010582,0.29468779114666793,0.17872642502051936
0.004884259259259259,0.3046162081574886,0.19169367176657867
0.004885912698412698,0.3103981317675796,0.1934195001936225
0.004887566137566138,0.31603589645357894,0.20116965001378134
0.004889219576719577,0.36863084089394477,0.22353403422316823
0.004890873015873016,0.30496221538375745,0.19407364086366538
0.004892526455026455,0.30904250409445433,0.18167022147044265
0.004894179894179894,0.32945845885612796,0.19342235447761816
0.004895833333333334,0.31140663174293765,0.19761818549979204
0.004897486772486773,0.32760326217215313,0.19864839338503898
0.004899140211640212,0.3400472891041118,0.22203724416906068
0.004900793650793651,0.4009061691817328,0.24918681012344063
0.0049024470899470905,0.3440746081097037,0.2148778513210443
0.00490410052910053,0.3713590854713143,0.22484825252948898
0.004905753968253969,0.36888636079751874,0.2287949818994603
0.004907407407407407,0.3362622343324125,0.22742243362032113
0.004909060846560846,0.3284370548673543,0.20120763826197163
0.004910714285714286,0.34965336199060315,0.2280799318594333
0.004912367724867725,0.3947442284295153,0.2498290623641058
0.004914021164021164,0.3603534399409432,0.2279276026758364
0.004915674603174603,0.42499454729166025,0.25471346987566934
0.0049173280423280424,0.39465029063602336,0.2577762271268437
0.004918981481481482,0.34329888396570046,0.24245533844983533
0.004920634920634921,0.32026404754603144,0.19754051589409877
0.00492228835978836,0.3314865700216928,0.2162674839970909
0.004923941798941799,0.3549236619029377,0.22978813033616974
0.0049255952380952385,0.3448811665043443,0.22188225221196295
0.004927248677248678,0.40094468950709905,0.23647280592370276
0.004928902116402117,0.3887753414984239,0.25493805065374436
0.004930555555555556,0.33337289527916597,0.228252329868251
0.004932208994708995,0.31569837139891777,0.20324776317220622
0.0049338624338624345,0.3237183666689767,0.22065911924714376
0.004935515873015873,0.3491181380030842,0.2239669566255153
0.004937169312169312,0.3722458136411133,0.23449347265487908
0.004938822751322751,0.35077535030015755,0.21250689261717656
0.0049404761904761904,0.34214879117415053,0.22087597107206083
0.00494212962962963,0.31813085128393265,0.21265026098402956
0.004943783068783069,0.3137690047370584,0.19928411916927516
0.004945436507936508,0.3106875548943961,0.21377111840938612
0.004947089947089947,0.35223444792759834,0.22799835031157292
0.0049487433862433865,0.40080964061049085,0.2463642413543541
0.004950396825396826,0.3419039953737085,0.21295545734276516
0.004952050264550265,0.31516634356164547,0.19698647682174755
0.004953703703703704,0.290149156226694,0.1903637684803922
0.004955357142857143,0.2790483508487883,0.1730490436491878
0.0049570105820105825,0.27625199904237346,0.17695988030276694
0.004958664021164022,0.3145279417855446,0.1884257314343522
0.004960317460317461,0.38199861765873,0.23662220751844618
0.004961970899470899,0.33705337461119966,0.20771364179309892
0.0049636243386243385,0.3068771248415082,0.18689207977754152
0.004965277777777778,0.27886273718568266,0.1784550805969413
0.004966931216931217,0.2485178269972971,0.1504928001629052
0.004968584656084656,0.2711400762659732,0.1646740554471034
0.004970238095238095,0.2865103431971432,0.1667863388423502
0.0049718915343915345,0.3197544334172204,0.18586173578250492
0.004973544973544974,0.3193527511808049,0.1914067320102414
0.004975198412698413,0.28569523104150657,0.17631864817228912
0.004976851851851852,0.2942142667352289,0.18578071595566553
0.004978505291005291,0.27440642635592644,0.17588055613390835
0.0049801587301587305,0.27777309300376857,0.1795542126662982
0.00498181216931217,0.30005526449909875,0.18461549501940092
0.004983465608465609,0.31269968920911606,0.16814025577051483
0.004985119047619048,0.2686872840384165,0.15564339594835544
0.004986772486772487,0.28272923066799416,0.17612368632835249
0.0049884259259259265,0.3124703646969457,0.1994331774694601
0.004990079365079365,0.29377521483920577,0.19669654661218336
0.004991732804232804,0.29720239189116443,0.19734864312745354
0.004993386243386243,0.3178918117498741,0.20068593314919028
0.0049950396825396825,0.31301631832103577,0.173478728708871
0.004996693121693122,0.23660237847982998,0.13939191050603092
0.004998346560846561,0.274498553731582,0.171869432968166
0.005,0.3227109086697205,0.2079268175296184
0.005001653439153439,0.2786547233075752,0.18060466355567745
0.0050033068783068785,0.2899865427341217,0.18639165907852295
0.005004960317460318,0.32956122847960473,0.20481524210377597
0.005006613756613757,0.3016524653017999,0.17147181026282396
0.005008267195767196,0.2260701547491605,0.146783659886622
0.005009920634920635,0.2394236061025378,0.1599793111733787
0.0050115740740740745,0.3075545432429751,0.19798136467527308
0.005013227513227514,0.2669226250704698,0.1660258564456409
0.005014880952380953,0.2924618602500392,0.182019580125699
0.005016534391534392,0.3188533345916409,0.20058991996581518
0.0050181878306878305,0.2887710093560071,0.16331409581976314
0.00501984126984127,0.2542173940507775,0.16249619947344082
0.005021494708994709,0.22916728966935002,0.1575448194754625
0.005023148148148148,0.27851597031647546,0.18345087049270542
0.005024801587301587,0.2607337397106899,0.16708416993501005
0.0050264550264550265,0.3324936466786766,0.20944704101037104
0.005028108465608466,0.3256550448754708,0.20171773416230138
0.005029761904761905,0.2771110322786142,0.1713654885546953
0.005031415343915344,0.2770298095399451,0.167980056404028
0.005033068783068783,0.27277057847413,0.16681969284817033
0.0050347222222222225,0.2563063529219131,0.16540549355160716
0.005036375661375662,0.2595029289203586,0.16493055810487053
0.005038029100529101,0.33414706716417103,0.21649972681020313
0.00503968253968254,0.31879106214767305,0.2057780829444778
0.005041335978835979,0.30425327052630574,0.19325225222741638
0.005042989417989419,0.2757567614372226,0.177965197879666
0.005044642857142858,0.282730102385441,0.15677179747542355
0.005046296296296296,0.2502402341374906,0.1497396406990109
0.005047949735449735,0.24429270072478293,0.15641441026010786
0.0050496031746031745,0.34279388445474296,0.19815218100390883
0.005051256613756614,0.2855138229640624,0.19488440105989746
0.005052910052910053,0.2796600881105062,0.18846816296321106
0.005054563492063492,0.2756285539862444,0.18263991399374757
0.005056216931216931,0.2590098293420892,0.14576271250358042
0.0050578703703703706,0.23846245443169217,0.14539250243249693
0.00505952380952381,0.2552666569446868,0.16663180803247793
0.005061177248677249,0.3556896228854995,0.18915237684380723
0.005062830687830688,0.3136927024035599,0.1917331107424701
0.005064484126984127,0.2353447587989029,0.15976237940286053
0.005066137566137567,0.2520389662906154,0.1706396857646013
0.005067791005291006,0.23264205183265282,0.141758600949807
0.005069444444444445,0.2463904199973842,0.15773071726498572
0.005071097883597884,0.2763374789140899,0.1829659879095808
0.0050727513227513225,0.33441573188601575,0.1819680982510591
0.005074404761904762,0.3150029450011157,0.18136849346692546
0.005076058201058201,0.2663050740042651,0.16128095294288933
0.00507771164021164,0.2681252683080325,0.17300155052387922
0.005079365079365079,0.23372821359740503,0.14795956745972133
0.0050810185185185186,0.23753715315062762,0.15935781697557236
0.005082671957671958,0.2852363516210731,0.19017216326633885
0.005084325396825397,0.2984210986635616,0.16746587416933587
0.005085978835978836,0.28145838877143103,0.17089920511658765
0.005087632275132275,0.27945165003992306,0.16995460897736486
0.005089285714285715,0.2965228172286494,0.1839019706291917
0.005090939153439154,0.2602982065393101,0.1637716939662515
0.005092592592592593,0.23549048494366764,0.16254278164646851
0.005094246031746032,0.2806985135281597,0.18879522722161884
0.005095899470899471,0.2804283635555543,0.16212685591034906
0.005097552910052911,0.27273792818621645,0.16788959118460092
0.00509920634920635,0.2840281285250576,0.18078047998470173
0.005100859788359788,0.2681816019064058,0.17165712659170831
0.005102513227513227,0.2576995788835611,0.16725972196854
0.005104166666666667,0.24960546717164359,0.1796732402204241
0.005105820105820106,0.2760160752143973,0.18443271704762723
0.005107473544973545,0.28871440703728746,0.1719065533817438
0.005109126984126984,0.2888808864291487,0.17332715513904035
0.005110780423280423,0.27227876601188045,0.17664715236451517
0.005112433862433863,0.25862678380074927,0.16993537841104212
0.005114087301587302,0.25992766557423225,0.17145168820726686
0.005115740740740741,0.26300873015997195,0.1945396902900388
0.00511739417989418,0.27209881668585756,0.18524920567772651
0.005119047619047619,0.3096329156881045,0.19130999184971562
0.005120701058201059,0.3077873246788823,0.19960667193317408
0.005122354497354498,0.26541390074917515,0.17833562656860033
0.005124007936507937,0.26721173626514405,0.172402548282666
0.005125661375661376,0.2955698605599355,0.1895459148553664
0.0051273148148148154,0.2904020938189761,0.20077701387853833
0.005128968253968254,0.28358409990165634,0.20231373905887684
0.005130621693121693,0.30558671231230006,0.1992369218572715
0.005132275132275132,0.3329647715229821,0.2259274788717459
0.005133928571428571,0.2827882115958026,0.2032206668082895
0.005135582010582011,0.27335750457291336,0.17433245470004494
0.00513723544973545,0.3136886679767929,0.1986111477824861
0.005138888888888889,0.3226413101055649,0.21019459415755712
0.005140542328042328,0.3124056914386568,0.20895154284233985
0.005142195767195767,0.28696781412775035,0.1930017218226824
0.005143849206349207,0.3306688504506385,0.20971041088819922
0.005145502645502646,0.31062969717872774,0.20850925551720423
0.005147156084656085,0.2785568058767762,0.18696415550015769
0.005148809523809524,0.3005703247813804,0.19203434768525174
0.0051504629629629635,0.3354373381523419,0.21385619503601355
0.005152116402116403,0.3335492431587959,0.20767376575467433
0.005153769841269842,0.283491966723676,0.188973900942551
0.00515542328042328,0.3208022521758845,0.19054878819927631
0.005157076719576719,0.2925516855687799,0.17513695990122372
0.005158730158730159,0.2844931519029186,0.17705816114791761
0.005160383597883598,0.26873416893048846,0.17667529705397766
0.005162037037037037,0.3314003466070776,0.19799191574026623
0.005163690476190476,0.31580793322984074,0.1900749692018023
0.0051653439153439154,0.2874751166846964,0.19825489811384056
0.005166997354497355,0.3071160202852255,0.18817981714217957
0.005168650793650794,0.2881822587890982,0.17033080010474386
0.005170304232804233,0.2608292618157753,0.15268204650886383
0.005171957671957672,0.2596886542726848,0.15669834255297657
0.0051736111111111115,0.2877098316531559,0.16535372832012754
0.005175264550264551,0.29099260553803336,0.1673644505558768
0.00517691798941799,0.2768017076126413,0.19064472498891447
0.005178571428571429,0.2765136085914803,0.1827806784325416
0.005180224867724868,0.27909733688504273,0.17288599108473465
0.0051818783068783075,0.2725979388181732,0.15529677378418014
0.005183531746031746,0.26367402224192854,0.14973845677748523
0.005185185185185185,0.2614421175061092,0.15638464784741335
0.005186838624338624,0.26292368808428074,0.15635254878656457
0.0051884920634920634,0.28031510558602535,0.18436600041341666
0.005190145502645503,0.2490734914481403,0.16382333597700774
0.005191798941798942,0.2502220925064453,0.15741886783078232
0.005193452380952381,0.28465007216342786,0.15508294648040333
0.00519510582010582,0.2582798000420566,0.15576721422375037
0.0051967592592592595,0.27049599186942824,0.17394509292588275
0.005198412698412699,0.2550578938299705,0.15527755300998822
0.005200066137566138,0.2963046279000227,0.18635695415360654
0.005201719576719577,0.2622555073382723,0.16446911702964329
0.005203373015873016,0.22555455391869544,0.14480436999423638
0.0052050264550264555,0.2683898579192601,0.15157465137928874
0.005206679894179895,0.24867602296853147,0.15784493638681474
0.005208333333333334,0.2970117027524677,0.1966660353275759
0.005209986772486773,0.26565034142237454,0.1626837379953046
0.0052116402116402115,0.3068202877264063,0.1745376256974693
0.005213293650793651,0.27839311550567514,0.16855941755108433
0.00521494708994709,0.22883777720149337,0.15610036344049044
0.005216600529100529,0.23932178616754246,0.1467654251280325
0.005218253968253968,0.2578925940234277,0.16865961987678293
0.0052199074074074075,0.3186800856215055,0.20603644636072357
0.005221560846560847,0.2727886617849993,0.16455095663742486
0.005223214285714286,0.30989681270165126,0.16684081001809528
0.005224867724867725,0.2757498797880906,0.16283907788302168
0.005226521164021164,0.24439906795819497,0.16205654150180895
0.0052281746031746035,0.22587125273852598,0.14749699761586602
0.005229828042328043,0.259752474430547,0.17217832221355486
0.005231481481481482,0.30347366277182175,0.19813307265278005
0.005233134920634921,0.25900814136221484,0.15362233758274804
0.00523478835978836,0.32197136058020026,0.16925461281705814
0.0052364417989417995,0.25403295297374223,0.15923435456195553
0.005238095238095239,0.25906913315345664,0.16329884273246162
0.005239748677248677,0.24299408355154328,0.1587791821850788
0.005241402116402116,0.2556109511497581,0.16446485665269728
0.0052430555555555555,0.27950165587959364,0.17972112547626287
0.005244708994708995,0.24546742566595245,0.14958487179744503
0.005246362433862434,0.3174531998329705,0.16973270958070014
0.005248015873015873,0.2555164349212306,0.16747491767218162
0.005249669312169312,0.2585655870112801,0.1730291748785522
0.0052513227513227515,0.2852071392444677,0.17398625376096663
0.005252976190476191,0.2648077695213676,0.16790273157313845
0.00525462962962963,0.2511278273218612,0.15080004058888805
0.005256283068783069,0.2802640945688699,0.16769401820845276
0.005257936507936508,0.3204559048201947,0.18600348092932414
0.0052595899470899475,0.26353144188975464,0.17140723480529244
0.005261243386243387,0.2627028108360809,0.1906418775572119
0.005262896825396826,0.29920600431121147,0.18935137242947633
0.005264550264550265,0.28719151429483997,0.17379156872126278
0.0052662037037037035,0.25258306683283527,0.14321776000662043
0.005267857142857143,0.267561107113674,0.15605771311695935
0.005269510582010582,0.3351262469759342,0.20553459042914976
0.005271164021164021,0.2819537030601158,0.18648347261429962
0.00527281746031746,0.2772552413797696,0.1905337465732304
0.0052744708994708995,0.2942012638490406,0.19372785999250056
0.005276124338624339,0.28659070515594737,0.1794301219702061
0.005277777777777778,0.2525023455221661,0.1507022478601803
0.005279431216931217,0.23150241526686424,0.13115489231798877
0.005281084656084656,0.30020997590732135,0.17872492221891975
0.0052827380952380956,0.28001270188630883,0.17425399208709458
0.005284391534391535,0.28679916396983396,0.18460522426118633
0.005286044973544974,0.2849687627675051,0.1775199058297379
0.005287698412698413,0.2579035287898356,0.1568457890847656
0.005289351851851852,0.24098064842977948,0.15106096657150409
0.005291005291005292,0.20462895785899615,0.1279897427314013
0.005292658730158731,0.2587112464615965,0.1516739632104345
0.005294312169312169,0.25174958236124295,0.14184912538693914
0.005295965608465608,0.249497589357306,0.14911688711262033
0.0052976190476190475,0.25771517761729873,0.14831624830464088
0.005299272486772487,0.23035059634891833,0.13272493734230104
0.005300925925925926,0.2213018053416764,0.13387592647700053
0.005302579365079365,0.22568710281080204,0.14286277197355543
0.005304232804232804,0.23123990667349723,0.1457713364818922
0.0053058862433862436,0.22670335508844106,0.13195413896341207
0.005307539682539683,0.23444281353282162,0.1469745938554792
0.005309193121693122,0.235401849991092,0.13923803177039423
0.005310846560846561,0.22184382225361327,0.12597952507732527
0.0053125,0.23559870159950477,0.1257201767904496
0.00531415343915344,0.24229524066546582,0.15342241148334604
0.005315806878306879,0.24405491733918122,0.15620089451502722
0.005317460317460318,0.23127581453251747,0.15297078411430884
0.005319113756613757,0.2641953612431708,0.17075138432959291
0.005320767195767196,0.24023120168252718,0.1544733281481163
0.005322420634920635,0.2399950453892261,0.14106130156488367
0.005324074074074074,0.2693591997178952,0.1487108268082363
0.005325727513227513,0.25553121515941235,0.15638089585017928
0.005327380952380952,0.24198208183548647,0.1567467875643563
0.005329034391534392,0.25300812475899065,0.17012525789758481
0.005330687830687831,0.29848720391660516,0.17978547533940026
0.00533234126984127,0.26070727096949997,0.16436837436910534
0.005333994708994709,0.2509021321702633,0.1409687229174019
0.005335648148148148,0.2635357450958585,0.15770997135841572
0.005337301587301588,0.2498207264202037,0.16455286797081772
0.005338955026455027,0.25600121406173487,0.16410900026577072
0.005340608465608466,0.2593155033904075,0.16323065042449147
0.005342261904761905,0.2898727573964815,0.15903876788980958
0.005343915343915344,0.2603132845676886,0.15500421158894023
0.005345568783068784,0.26838389427287845,0.1443084799392882
0.005347222222222223,0.2496443540352508,0.1476194599389179
0.005348875661375662,0.24887967923350762,0.16329430435617723
0.0053505291005291,0.2713440776785781,0.1680147082431999
0.00535218253968254,0.2509999540487491,0.15277840568083056
0.005353835978835979,0.2787294160796641,0.15849190554523876
0.005355489417989418,0.2475889602832053,0.15258788571527565
0.005357142857142857,0.2815198396777018,0.1516850729402218
0.005358796296296296,0.2652212410418948,0.15472667734387702
0.005360449735449736,0.278378621957936,0.16423605660730903
0.005362103174603175,0.27517411157491456,0.15995382957967202
0.005363756613756614,0.24147841242378654,0.14770507922132783
0.005365410052910053,0.2429417198904279,0.15781016425010408
0.005367063492063492,0.2306359465690083,0.16229480424780196
0.005368716931216932,0.27460565447507873,0.15681582693855506
0.005370370370370371,0.3016606459204678,0.16390593371543843
0.00537202380952381,0.3011945078957985,0.17103892225146208
0.005373677248677249,0.2633174188487554,0.1537803120752405
0.0053753306878306885,0.22351792096087833,0.1475644716916043
0.005376984126984127,0.2182238378567442,0.1483638284561971
0.005378637566137566,0.2035274717189973,0.15134910876764562
0.005380291005291005,0.2527833628403186,0.147020453133882
0.005381944444444444,0.30310930984791823,0.15453498951719968
0.005383597883597884,0.3157056286354447,0.18083051584402351
0.005385251322751323,0.2652468898522966,0.16432461452475988
0.005386904761904762,0.21268059650621166,0.1485407332627914
0.005388558201058201,0.21464747222558495,0.14421361117787634
0.00539021164021164,0.20938158785295402,0.13722672475201791
0.00539186507936508,0.24462688526939647,0.13666733045719953
0.005393518518518519,0.29105232130778824,0.1437087956002463
0.005395171957671958,0.3048074995336593,0.1860453365546101
0.005396825396825397,0.2712956713194752,0.17423829704686175
0.0053984788359788365,0.22599741343742022,0.15548164472924147
0.005400132275132276,0.24406221640457598,0.15976397500757403
0.005401785714285715,0.23564243393817502,0.13617906292200138
0.005403439153439154,0.24151807875044962,0.13826517928457074
0.005405092592592592,0.29441601477076396,0.15144695249686788
0.005406746031746032,0.3003750704274903,0.19043530443052603
0.005408399470899471,0.27239874921678875,0.18524723460352907
0.00541005291005291,0.2335353625708353,0.15906148697594033
0.005411706349206349,0.26335902930958255,0.17307540844986438
0.0054133597883597884,0.2500434290451637,0.1373634866625661
0.005415013227513228,0.24028897549986325,0.14144600036723579
0.005416666666666667,0.3065037793666124,0.17405488512079498
0.005418320105820106,0.3073895961139407,0.19639788808163527
0.005419973544973545,0.26262027424997514,0.1904418008006574
0.0054216269841269845,0.23553569161486476,0.15830546275943244
0.005423280423280424,0.23732439548513962,0.1584349138966029
0.005424933862433863,0.23984459634474867,0.13760956290815185
0.005426587301587302,0.25143808013907853,0.14334100223880214
0.005428240740740741,0.2996311215218304,0.17277228114130094
0.0054298941798941805,0.28701295529160925,0.18114062660503927
0.00543154761904762,0.23828420307252768,0.1833399993851387
0.005433201058201058,0.23078453535001878,0.1547117515595206
0.005434854497354497,0.2112993127289699,0.1479665978225442
0.0054365079365079364,0.19479193252112398,0.12424307879618997
0.005438161375661376,0.2565935650789666,0.14670098685273644
0.005439814814814815,0.2926776953024656,0.1654651290615739
0.005441468253968254,0.2590247963654033,0.15669766306107286
0.005443121693121693,0.23384377769262116,0.17075202932579725
0.0054447751322751325,0.21942843055285619,0.15701263612200564
0.005446428571428572,0.20936505673000305,0.14915405649243788
0.005448082010582011,0.18932763811779668,0.13548481826339956
0.00544973544973545,0.23553686075474625,0.15019687410811122
0.005451388888888889,0.2675222299066794,0.15944721985811153
0.0054530423280423285,0.2587842960006448,0.1554720924210922
0.005454695767195768,0.2572211403384745,0.16649639792136586
0.005456349206349207,0.23177605263788859,0.16159694363241806
0.005458002645502646,0.21973784304784544,0.1543862496681551
0.0054596560846560845,0.2214038015992376,0.1546749446961812
0.005461309523809524,0.22689611150320746,0.15112242712472132
0.005462962962962963,0.24433700138866515,0.1534342015664235
0.005464616402116402,0.2541709014882445,0.16335848796289165
0.005466269841269841,0.252535654616676,0.15893438989825145
0.0054679232804232805,0.23669961484214674,0.15243193408072064
0.00546957671957672,0.2195898294468873,0.14497018403609455
0.005471230158730159,0.2607773598214059,0.16293442881944967
0.005472883597883598,0.24102576738657003,0.15244154741244917
0.005474537037037037,0.2338566564966408,0.14316238772050197
0.0054761904761904765,0.2310281604655538,0.1551504330242605
0.005477843915343916,0.2203400909972962,0.14311778250230967
0.005479497354497355,0.24227252494307422,0.14562914495051665
0.005481150793650794,0.21563671205567683,0.13116296979075914
0.005482804232804233,0.28086556565983734,0.1592510959571285
0.0054844576719576725,0.27732056102817876,0.16475803683246742
0.005486111111111112,0.2283697081191026,0.13705976467723882
0.00548776455026455,0.20207283902620815,0.1418537085205492
0.005489417989417989,0.20274940995931448,0.1369105626392849
0.0054910714285714285,0.2496169126892963,0.14366891055546338
0.005492724867724868,0.2338440225844954,0.12612107357318766
0.005494378306878307,0.29499307151276666,0.16352342150190327
0.005496031746031746,0.30564246825864766,0.17918133840344574
0.005497685185185185,0.21896378791342905,0.13068933814787587
0.0054993386243386245,0.19732385429141305,0.13295937048854178
0.005500992063492064,0.20593366541895772,0.1429467190366905
0.005502645502645503,0.24957772272298542,0.14844634218099334
0.005504298941798942,0.24476714530914,0.13046750617007158
0.005505952380952381,0.29261602439752993,0.16577418227410523
0.0055076058201058205,0.31593439230201165,0.18251574956251246
0.00550925925925926,0.21138478320868107,0.12965712774888552
0.005510912698412699,0.23605553884954808,0.14371181378654285
0.005512566137566138,0.2268310957024441,0.1550340638378166
0.005514219576719577,0.24020991880953116,0.1499432377169081
0.005515873015873016,0.22643235565689807,0.13138543720632356
0.005517526455026455,0.2668847043517949,0.15699895042243286
0.005519179894179894,0.31373368820308234,0.17505794084484994
0.005520833333333333,0.21902131348472312,0.13827417647131796
0.0055224867724867725,0.2619855899626251,0.15664608878059785
0.005524140211640212,0.2701490529135592,0.17840971858590773
0.005525793650793651,0.23770855810371422,0.15395665193009345
0.00552744708994709,0.22382384196823388,0.13057053460766987
0.005529100529100529,0.2371019572128463,0.14067692754576933
0.0055307539682539686,0.27984736923817516,0.15419703438109042
0.005532407407407408,0.21737048454637978,0.13229685912830985
0.005534060846560847,0.24799272288729607,0.14877708371269807
0.005535714285714286,0.2818996152665611,0.1795389774770667
0.005537367724867725,0.2608681195194768,0.1637851821300131
0.005539021164021165,0.24681953963894543,0.14086340182213183
0.005540674603174604,0.22334253155624506,0.12984872077801482
0.005542328042328043,0.2275714038437336,0.12683389214942775
0.005543981481481481,0.1962841788840471,0.11179334324158222
0.0055456349206349205,0.23510175887983487,0.13555001000297007
0.00554728835978836,0.2506723457267773,0.15242655228711802
0.005548941798941799,0.2717710812868511,0.15664449637742725
0.005550595238095238,0.2566162621070816,0.14920706166527556
0.005552248677248677,0.23410181619517142,0.13933923473936488
0.0055539021164021166,0.1908449597113575,0.10817110948926867
0.005555555555555556,0.1774215132977001,0.10092116619952182
0.005557208994708995,0.21948565337807652,0.1233656948668443
0.005558862433862434,0.20968819217806176,0.12773622759722789
0.005560515873015873,0.2470234697428966,0.13344535788518125
0.005562169312169313,0.24974602747271568,0.1444576174613565
0.005563822751322752,0.2411869905728777,0.15581370997279506
0.005565476190476191,0.1966912031161742,0.11720548845142313
0.00556712962962963,0.16818869837539205,0.10151183342989992
0.005568783068783069,0.18792302464240426,0.1069792471595248
0.005570436507936508,0.19482461768863113,0.11378580838270286
0.005572089947089947,0.20952793530786146,0.11871954245391102
0.005573743386243386,0.2220578133772138,0.13861073010406275
0.005575396825396825,0.23179629729350387,0.15750299338243426
0.005577050264550265,0.21658911101132855,0.13486390085298935
0.005578703703703704,0.17104109722997518,0.10934039320582248
0.005580357142857143,0.18830358334918704,0.10762460145738978
0.005582010582010582,0.20932338692005067,0.11969817334931263
0.005583664021164021,0.18615248374185478,0.11092053280397701
0.005585317460317461,0.19684455939956247,0.13135404965066388
0.0055869708994709,0.22157595306301175,0.15793823034589555
0.005588624338624339,0.22010168528948895,0.1416469190033331
0.005590277777777778,0.1867814574275305,0.11943080997639578
0.005591931216931217,0.21300860211111303,0.13068284680332887
0.005593584656084657,0.23168482019691541,0.13313503102825805
0.005595238095238096,0.2008416753910519,0.11699254113135363
0.005596891534391535,0.17800363209609518,0.1203687844364956
0.005598544973544973,0.218941228552237,0.15557142920248698
0.005600198412698413,0.23313864637326362,0.15505905466544687
0.005601851851851852,0.20757305365161657,0.12771753447470838
0.005603505291005291,0.22294847113801336,0.14142885619728637
0.00560515873015873,0.23059511105351846,0.1356201285030693
0.005606812169312169,0.2220056269150279,0.12753590931217704
0.005608465608465609,0.1946286539993997,0.12530002316231661
0.005610119047619048,0.2250926470412431,0.14735419444257256
0.005611772486772487,0.24461489218831006,0.16399616928897237
0.005613425925925926,0.2377079226479846,0.1443797223121043
0.005615079365079365,0.2089102047883072,0.12848620921088202
0.005616732804232805,0.21090262762666206,0.12577664100286476
0.005618386243386244,0.21374249701562442,0.12299832086318802
0.005620039682539683,0.2218117691253866,0.14436210731410795
0.005621693121693122,0.23436787081746605,0.14595878067847365
0.0056233465608465615,0.2562748178553306,0.15714156785910643
0.005625000000000001,0.2519558466637098,0.14811265345730693
0.005626653439153439,0.2272151786071509,0.1326973825781319
0.005628306878306878,0.19955748393208123,0.12180063656961122
0.005629960317460317,0.19143938482408085,0.11931828370574837
0.005631613756613757,0.21383314742837697,0.14771182842339592
0.005633267195767196,0.24404659163451914,0.1574910646270429
0.005634920634920635,0.2674152914804721,0.14777412911933432
0.005636574074074074,0.24121011039590406,0.14207374862061653
0.0056382275132275134,0.25669607140435885,0.15075332402432914
0.005639880952380953,0.23517917456017157,0.13741341687245184
0.005641534391534392,0.1798899594001882,0.1195236687904559
0.005643187830687831,0.1977441677390463,0.13698016896509257
0.00564484126984127,0.2342709194540715,0.15390426482725256
0.0056464947089947095,0.265710127385706,0.15279847609535327
0.005648148148148149,0.22642068453802408,0.13841424646559108
0.005649801587301588,0.26863386092205427,0.1670690878344754
0.005651455026455027,0.2847096320639492,0.1577823993959319
0.005653108465608465,0.18911247995698388,0.11799057314242845
0.005654761904761905,0.19457139272030166,0.12495221463483436
0.005656415343915344,0.21407516667013787,0.1285249500112006
0.005658068783068783,0.2546022276435313,0.1515856498602507
0.005659722222222222,0.206208479534186,0.13849282804885724
0.0056613756613756614,0.2701265700226865,0.16756270186186786
0.005663029100529101,0.3140000461977049,0.1699170847545017
0.00566468253968254,0.21777821203900977,0.12021895267344668
0.005666335978835979,0.21197552843103223,0.12622684900857897
0.005667989417989418,0.20835287518466847,0.1159969847259347
0.0056696428571428575,0.21942424438511623,0.12525597363029228
0.005671296296296297,0.2010415843223292,0.13016917516277465
0.005672949735449736,0.24875704408285798,0.14797464193298157
0.005674603174603175,0.3036127947659761,0.16157458878237307
0.005676256613756614,0.22888626983387161,0.11930658244036729
0.0056779100529100535,0.24695764993543878,0.13772107734412659
0.005679563492063493,0.22891235020396214,0.13209777152301308
0.005681216931216931,0.18564557379096136,0.10378290276852868
0.00568287037037037,0.18680705892606736,0.10235228311256338
0.0056845238095238095,0.22925800995020473,0.13738469278228985
0.005686177248677249,0.251631551200174,0.14157054451584739
0.005687830687830688,0.2058026270148016,0.11475065061314112
0.005689484126984127,0.24771093235634015,0.13513791501814978
0.005691137566137566,0.26251032795243345,0.1472826182204493
0.0056927910052910055,0.1874417165095089,0.11014592456434055
0.005694444444444445,0.16943071012663422,0.09360738398046185
0.005696097883597884,0.2196579636656423,0.14403608856185807
0.005697751322751323,0.21506459268858744,0.135317752439251
0.005699404761904762,0.1984682558085141,0.12126484409287759
0.0057010582010582015,0.22475980658382416,0.1366915893383456
0.005702711640211641,0.2637537635399915,0.14701346034149906
0.00570436507936508,0.21728120289969088,0.1321167621562489
0.005706018518518519,0.17749010936880663,0.11689339089659383
0.005707671957671958,0.22732403941793172,0.15612060201505285
0.005709325396825397,0.21830253770826516,0.145119919194611
0.005710978835978836,0.21828023637140145,0.1323698443109632
0.005712632275132275,0.21907535282562945,0.13991608217874632
0.005714285714285714,0.24675326372055173,0.15552733262144572
0.0057159391534391535,0.23910175147231125,0.14949997231689105
0.005717592592592593,0.20866844569804888,0.14952239566485104
0.005719246031746032,0.24651773072451133,0.163873020252412
0.005720899470899471,0.22667459493062853,0.14012765779951894
0.00572255291005291,0.233311423485743,0.13724833659170463
0.0057242063492063495,0.21528029519089703,0.1360582527818556
0.005725859788359789,0.21619432614151235,0.14827286170593437
0.005727513227513228,0.24418366209656825,0.16024865875827107
0.005729166666666667,0.2411522056049855,0.16449716110810653
0.005730820105820106,0.25242574611060686,0.16577552160722142
0.0057324735449735455,0.2277778088778602,0.13075872702141408
0.005734126984126985,0.22752903398540597,0.12970799538367458
0.005735780423280424,0.20160853771612725,0.12592443033914436
0.005737433862433862,0.1996041018159217,0.13599684460044076
0.0057390873015873015,0.2191405309282617,0.1453900693779676
0.005740740740740741,0.22695061686360074,0.14925608975290397
0.00574239417989418,0.22866852308422572,0.15522170055705864
0.005744047619047619,0.22553585596930045,0.13657453587703203
0.005745701058201058,0.2245709595384307,0.12684846523741367
0.0057473544973544975,0.1849524465109103,0.11223467045687179
0.005749007936507937,0.1788620045590106,0.11521154364954343
0.005750661375661376,0.1983503821145548,0.12688133754093348
0.005752314814814815,0.19729999651967792,0.12783381561793783
0.005753968253968254,0.18875594039680524,0.13653177733285793
0.0057556216931216935,0.19651381786066252,0.12739110470716317
0.005757275132275133,0.21510578304786043,0.1259330692561829
0.005758928571428572,0.17254334155492745,0.10617714179224416
0.005760582010582011,0.16951758439550255,0.10128131796571735
0.00576223544973545,0.19647375157479005,0.11274660036125182
0.005763888888888889,0.1772572998540044,0.12319832627810481
0.005765542328042328,0.19316862858232536,0.14523981547145248
0.005767195767195767,0.18007623200523593,0.11953566162240087
0.005768849206349206,0.20075038487864474,0.11569994087656346
0.0057705026455026455,0.15763510196837607,0.09950802329690882
0.005772156084656085,0.17557855670962233,0.11407552083298036
0.005773809523809524,0.20137690696494132,0.11365406292903762
0.005775462962962963,0.17402908349768423,0.11993357671674987
0.005777116402116402,0.1972364418086485,0.14464974814575104
0.0057787698412698416,0.20671052752528982,0.13616626837884804
0.005780423280423281,0.21119284244632866,0.12622019686240785
0.00578207671957672,0.15338345511893872,0.11044636942022383
0.005783730158730159,0.18317857445151095,0.11759961919316547
0.005785383597883598,0.19540287019721492,0.11964496300823728
0.005787037037037038,0.17827727353841913,0.11106343414612159
0.005788690476190477,0.19679388122293393,0.12586745651979328
0.005790343915343916,0.209655314068002,0.13115383900639924
0.005791997354497354,0.21246043544465862,0.13578232918293195
0.0057936507936507935,0.18328469282630686,0.13462163778543781
0.005795304232804233,0.20202545953501244,0.1262931141407421
0.005796957671957672,0.20055404437767738,0.11443009971221145
0.005798611111111111,0.19828424440869452,0.10449388726470829
0.00580026455026455,0.18779720475693829,0.10647509051383582
0.0058019179894179896,0.20102482207308334,0.1223078540204686
0.005803571428571429,0.20767667038231907,0.14200154244011703
0.005805224867724868,0.20024799058022824,0.13179557704401246
0.005806878306878307,0.2127191497306199,0.12689441737051987
0.005808531746031746,0.21675935172253435,0.11139769519784273
0.005810185185185186,0.22173515015259157,0.10846809492408788
0.005811838624338625,0.18653065235460936,0.10342939120217652
0.005813492063492064,0.1964970621342056,0.1265537682821134
0.005815145502645503,0.2223566847519251,0.15255753980833375
0.005816798941798942,0.20968851170806035,0.1250043608104262
0.005818452380952382,0.20220952411590468,0.1193056499135362
0.00582010582010582,0.2093231875867503,0.11014868828781227
0.005821759259259259,0.2155689233595256,0.10895258600938827
0.005823412698412698,0.19276178035380473,0.1100655562275771
0.005825066137566138,0.19253876573104392,0.13385946512567234
0.005826719576719577,0.2409700477124683,0.15718622758193884
0.005828373015873016,0.22803903464780234,0.13006003819255976
0.005830026455026455,0.1999794445438432,0.11846540577591118
0.005831679894179894,0.18483273949661064,0.11452449710191542
0.005833333333333334,0.19415219818254642,0.11042315952463644
0.005834986772486773,0.21048222829394206,0.11982410687857493
0.005836640211640212,0.20568008229940166,0.13981776774538804
0.005838293650793651,0.21977946385371305,0.15031382317419734
0.00583994708994709,0.2403723151694518,0.13583042157213035
0.00584160052910053,0.20621943173514162,0.1156748265267513
0.005843253968253969,0.1757106059183844,0.11631329624731074
0.005844907407407408,0.18484372250625355,0.11840564985864431
0.005846560846560846,0.21016031758457066,0.12420756058568065
0.005848214285714286,0.23838264998501185,0.15019256153422
0.005849867724867725,0.21060492699689387,0.14634848863621164
0.005851521164021164,0.24533838752027207,0.14344888576883544
0.005853174603174603,0.2137521557805671,0.11647645526602084
0.005854828042328042,0.17100128379389368,0.10573844308294271
0.005856481481481482,0.1853206201099858,0.11900009205384272
0.005858134920634921,0.20177793548485887,0.12365461235817626
0.00585978835978836,0.23379891330757094,0.14333546246490736
0.005861441798941799,0.22484452116443532,0.14088368638858678
0.005863095238095238,0.2644909830102014,0.15476699989661225
0.005864748677248678,0.2305428530968788,0.12773088375988859
0.005866402116402117,0.18010301481193378,0.10279897218391194
0.005868055555555556,0.1778140040863558,0.11085665638726482
0.005869708994708995,0.19219235463060444,0.11925006609657879
0.0058713624338624345,0.20108785857342665,0.11668478953658422
0.005873015873015874,0.2021465035736116,0.1146714207176126
0.005874669312169312,0.275495844170471,0.1558130732034645
0.005876322751322751,0.26084066990427696,0.14832838284063576
0.00587797619047619,0.1858318084000111,0.10074196682101119
0.00587962962962963,0.16274102629031964,0.09538907691310644
0.005881283068783069,0.1672095504435455,0.10702888954011101
0.005882936507936508,0.1847810921457574,0.10520567072496012
0.005884589947089947,0.1839651800230036,0.10086984574672679
0.0058862433862433864,0.2392530600640133,0.13470444905164763
0.005887896825396826,0.26403152485340703,0.1524212230045067
0.005889550264550265,0.19979809109349259,0.11154340817299219
0.005891203703703704,0.16540187168857012,0.09468255122862165
0.005892857142857143,0.1640771071245576,0.10512081223373226
0.0058945105820105825,0.19330310601790907,0.1101920643222651
0.005896164021164022,0.18735026515032277,0.11194130392536555
0.005897817460317461,0.2223036116474854,0.13634506361656273
0.0058994708994709,0.23011815855651668,0.13615203405770498
0.005901124338624339,0.1976339936633874,0.11880188243724704
0.005902777777777778,0.21522950549077302,0.12466716517730037
0.005904431216931217,0.20390654231117794,0.12637440206938397
0.005906084656084656,0.234782785511965,0.13996310214496094
0.005907738095238095,0.2071458265126385,0.1291876954158106
0.0059093915343915344,0.2201602431432267,0.13991893946552136
0.005911044973544974,0.20381794414985654,0.12563022854770645
0.005912698412698413,0.20756809286816943,0.12407996792541919
0.005914351851851852,0.2496744749744974,0.1517942161025536
0.005916005291005291,0.2469743050743756,0.15022285840908084
0.0059176587301587305,0.2596256373529075,0.15834977916939286
0.00591931216931217,0.23082322977892059,0.14126440325006145
0.005920965608465609,0.21838724391920256,0.13286199750474748
0.005922619047619048,0.18997311842656206,0.12096959101913722
0.005924272486772487,0.22226773591701718,0.12714779247798044
0.0059259259259259265,0.25279869886505263,0.15289273127608202
0.005927579365079366,0.2393372189000953,0.15351176074930237
0.005929232804232805,0.2618453454314298,0.15721515352025145
0.005930886243386243,0.23383696232899104,0.138168277564061
0.0059325396825396825,0.20367197185504576,0.11722677955447101
0.005934193121693122,0.18050325851052373,0.12337092715062002
0.005935846560846561,0.2270450175099617,0.13756394962177582
0.0059375,0.22730364788654348,0.13413369052298946
0.005939153439153439,0.20916535296133942,0.13973298570297077
0.0059408068783068785,0.2549645128395669,0.15038409807036165
0.005942460317460318,0.24016247560489698,0.13221490554239196
0.005944113756613757,0.20913403648057424,0.12472386695644168
0.005945767195767196,0.17852293979733116,0.1278503222607479
0.005947420634920635,0.21546394461437643,0.14922982374126556
0.0059490740740740745,0.2036287150902131,0.1252126207724545
0.005950727513227514,0.18751153723670125,0.1208893428389601
0.005952380952380953,0.23639003198883465,0.14043963922207683
0.005954034391534392,0.24596987307477314,0.13772108425993143
0.005955687830687831,0.23101360639759566,0.14862785936136974
0.00595734126984127,0.1978525164660119,0.1358702312399168
0.005958994708994709,0.2009017798195477,0.14611953406934025
0.005960648148148148,0.18696648699660826,0.12392205163931468
0.005962301587301587,0.18898951797686225,0.11362043864064245
0.0059639550264550265,0.21054901053795166,0.13293589825597393
0.005965608465608466,0.2165786048303906,0.13299970019801421
0.005967261904761905,0.21954107173831028,0.14990514812936026
0.005968915343915344,0.20929774752835212,0.14325841076445095
0.005970568783068783,0.20039942236883537,0.12931956428120878
0.0059722222222222225,0.19097096887361176,0.12201195375006357
0.005973875661375662,0.21208304620056687,0.1253367807190993
0.005975529100529101,0.21392630048852537,0.13866108426750418
0.00597718253968254,0.17885954696369172,0.12302939455680256
0.005978835978835979,0.17856216678332212,0.12160452587892388
0.0059804894179894185,0.21079231765439238,0.13848446725521563
0.005982142857142858,0.20407231860517328,0.12148057146513218
0.005983796296296297,0.21168157779976554,0.12871370235616944
0.005985449735449735,0.2333189449550178,0.13365676389881334
0.0059871031746031745,0.21555179654736636,0.13932632131547587
0.005988756613756614,0.1738164343599441,0.11848020215805015
0.005990410052910053,0.17294558896570553,0.10640751420925015
0.005992063492063492,0.21372818809131566,0.13254619337866683
0.005993716931216931,0.20708028753489394,0.12310537779245659
0.0059953703703703705,0.20186826379344633,0.1267636363817387
0.00599702380952381,0.22060687025713277,0.12914975054146685
0.005998677248677249,0.20032864874537412,0.11916808609606581
0.006000330687830688,0.1734521873899234,0.10750175129141956
0.006001984126984127,0.1835624624157225,0.10598282851376432
0.0060036375661375666,0.19922304610149255,0.12407379728449269
0.006005291005291006,0.20731037680849237,0.12203180350994824
0.006006944444444445,0.1827442065752639,0.11653293726560555
0.006008597883597884,0.20571997404461675,0.12860472700233772
0.006010251322751323,0.20280126865253562,0.11787575138785143
0.006011904761904763,0.17573714624902223,0.0975629736119895
0.006013558201058201,0.17473345455820558,0.09823554815320915
0.00601521164021164,0.1871332073349455,0.11376415974043164
0.006016865079365079,0.1900772030634183,0.1246535281769344
0.0060185185185185185,0.18410145943644685,0.11667153705280403
0.006020171957671958,0.2041719828132609,0.12754054477494006
0.006021825396825397,0.2400460510210497,0.1437196685553273
0.006023478835978836,0.19079152904726718,0.11739815573063321
0.006025132275132275,0.17030738987948715,0.10121762007976329
0.0060267857142857146,0.18964873334978644,0.10813865519239896
0.006028439153439154,0.18999915078341392,0.12885377163233344
0.006030092592592593,0.18691904574735355,0.13723485870133956
0.006031746031746032,0.19001742003546887,0.1257022947699871
0.006033399470899471,0.2334559198449081,0.13793877926183085
0.006035052910052911,0.19819743018298108,0.1344681515348585
0.00603670634920635,0.17988616030938315,0.11467965586011392
0.006038359788359789,0.20794113970592165,0.12215864415078499
0.006040013227513227,0.19239191225101643,0.13156167188282783
0.0060416666666666665,0.1748845310500023,0.13848098528378083
0.006043320105820106,0.17123654109812872,0.12442105908386218
0.006044973544973545,0.20592748526589652,0.12418276131148388
0.006046626984126984,0.1725462195602182,0.1206894102305813
0.006048280423280423,0.1817094680161137,0.12051292357398377
0.006049933862433863,0.20264493997855215,0.1260163505049913
0.006051587301587302,0.19115884979325515,0.12689965387438615
0.006053240740740741,0.1717965655678813,0.12553125594807787
0.00605489417989418,0.1539017240818327,0.11361874973633347
0.006056547619047619,0.18156609483126093,0.11577872762666018
0.006058201058201059,0.15109731226515535,0.10710324380102243
0.006059854497354498,0.1774056865194569,0.12121140602119178
0.006061507936507937,0.18812394529729357,0.11901242071607097
0.006063161375661376,0.16517854143272764,0.10373819585199882
0.006064814814814815,0.17403795038648767,0.11006693411581306
0.006066468253968255,0.15910351493228655,0.10672142379568396
0.006068121693121693,0.16800833452431302,0.11198764419725717
0.006069775132275132,0.140334552448703,0.09400160223115968
0.006071428571428571,0.1680413930959104,0.1162609442783971
0.006073082010582011,0.1779602457337287,0.11535335439747481
0.00607473544973545,0.15619322602617158,0.09271377603234553
0.006076388888888889,0.18767080979799652,0.10647994077440882
0.006078042328042328,0.18226241974812005,0.1148891242262367
0.006079695767195767,0.16512767772792938,0.1151139066280054
0.006081349206349207,0.15346117281979618,0.09584707891760645
0.006083002645502646,0.16932065699176943,0.10931927224902077
0.006084656084656085,0.1856604875090961,0.11177261627135927
0.006086309523809524,0.17388551790616893,0.10243828994914779
0.006087962962962963,0.19131036514563968,0.10933950760654984
0.006089616402116403,0.20044512309324605,0.127067322565649
0.006091269841269842,0.17655262603392644,0.12427735695537728
0.006092923280423281,0.18051729250373408,0.10541348006822694
0.00609457671957672,0.19004716126861113,0.10899613952035674
0.006096230158730159,0.18761033950878822,0.11101235049162735
0.006097883597883598,0.19339032926644684,0.1078629256211813
0.006099537037037037,0.18347066066634568,0.10092973743720447
0.006101190476190476,0.19668574050412416,0.11587502312336857
0.006102843915343915,0.19318948533805083,0.12475577539710343
0.006104497354497355,0.17562986916902631,0.11098883525725879
0.006106150793650794,0.17809417114544612,0.10228954661110641
0.006107804232804233,0.19293649005091282,0.10498973385133471
0.006109457671957672,0.19886086337606085,0.10820451206547649
0.006111111111111111,0.1750243933659346,0.09542367591578776
0.006112764550264551,0.18944603494500203,0.10025966627816367
0.00611441798941799,0.19951863981673226,0.11142125727485894
0.006116071428571429,0.16335301026434673,0.11173708605908336
0.006117724867724868,0.15121345525353294,0.0992590311978262
0.0061193783068783075,0.18446772918044865,0.10435805907625918
0.006121031746031747,0.19168761576219034,0.10704624430399293
0.006122685185185186,0.16932694150426675,0.09727123420901844
0.006124338624338624,0.18694995931436686,0.09700666699545231
0.006125992063492063,0.19785272497740367,0.10482906358102277
0.006127645502645503,0.16515864299457741,0.11423480738472114
0.006129298941798942,0.14417123181660296,0.1049945777981627
0.006130952380952381,0.1854018014828118,0.11492196535384305
0.00613260582010582,0.1864238413848162,0.10819112305002328
0.0061342592592592594,0.17106163952483072,0.10589351694902584
0.006135912698412699,0.17297254783042398,0.09533086772799919
0.006137566137566138,0.18007358556973746,0.0999106680653207
0.006139219576719577,0.16581591391692155,0.10858249174767665
0.006140873015873016,0.15251872306541178,0.10323713223392757
0.0061425264550264555,0.192248725944686,0.12147693804897243
0.006144179894179895,0.18775545608166422,0.11690744121945483
0.006145833333333334,0.1839692833938199,0.11514280175434158
0.006147486772486773,0.15807727819166342,0.09494785990390507
0.006149140211640212,0.14975232223259843,0.08766169805446086
0.006150793650793651,0.1575642977852628,0.09611497013111407
0.00615244708994709,0.1621624980951738,0.10322667125907502
0.006154100529100529,0.19119853161361555,0.11617639506421526
0.006155753968253968,0.18655587325669426,0.12030064872746081
0.0061574074074074074,0.18480121898221052,0.11572984038934837
0.006159060846560847,0.15466232861270568,0.0975859615412915
0.006160714285714286,0.14924123389549424,0.09603857367709949
0.006162367724867725,0.15603824910396272,0.09584061547137092
0.006164021164021164,0.17725148691003745,0.11110977630921927
0.0061656746031746035,0.18480340346098245,0.11825725176722679
0.006167328042328043,0.17956718998735396,0.11810911254616531
0.006168981481481482,0.18820839025307745,0.11653837684429731
0.006170634920634921,0.16698250216224506,0.10518928538023627
0.00617228835978836,0.18508195382838064,0.12206549503713582
0.0061739417989417995,0.1721250760113032,0.116789200266858
0.006175595238095239,0.1686956024881204,0.11356672851315228
0.006177248677248678,0.17727299640736166,0.10934027998384414
0.006178902116402116,0.1810849638700181,0.11956178008550568
0.0061805555555555555,0.19093867882947893,0.12637777959211277
0.006182208994708995,0.18559634390798777,0.11647124922368363
0.006183862433862434,0.20298975640270364,0.12627133836490403
0.006185515873015873,0.18124648689328027,0.12324726449545899
0.006187169312169312,0.15280902387820672,0.1028017405892805
0.0061888227513227515,0.15636848010788265,0.09480768683308004
0.006190476190476191,0.17023471397742548,0.11085804579511153
0.00619212962962963,0.17020906952654222,0.1140337536195219
0.006193783068783069,0.20382961050270562,0.12029084673385862
0.006195436507936508,0.1889664172796239,0.11288935110048896
0.0061970899470899475,0.15205860842702149,0.10042066452507918
0.006198743386243387,0.15104795321391828,0.09074406326814627
0.006200396825396826,0.1578612455781311,0.09217511428548221
0.006202050264550265,0.15226963720272488,0.09734580986587744
0.006203703703703704,0.14901571284041057,0.09677528127454675
0.0062053571428571435,0.18135604088459215,0.10721402630389218
0.006207010582010582,0.18137976404624598,0.1044521182253617
0.006208664021164021,0.14496911275076246,0.08937584074394599
0.00621031746031746,0.15800604847152297,0.08778419581523413
0.0062119708994708995,0.16038310146311427,0.09667270832754134
0.006213624338624339,0.14155152714771715,0.09299491073548424
0.006215277777777778,0.14311200315540923,0.08785163125717908
0.006216931216931217,0.1762839742070651,0.10073638883397328
0.006218584656084656,0.19014922245189997,0.11575078587864678
0.0062202380952380955,0.1555372181346152,0.09603542184050466
0.006221891534391535,0.1600116980738811,0.0943438767056055
0.006223544973544974,0.15518917366692458,0.09882395929588281
0.006225198412698413,0.15452064399143636,0.09617594691146218
0.006226851851851852,0.1553303026193722,0.09435787081742408
0.0062285052910052915,0.1678872690358352,0.10061220900613246
0.006230158730158731,0.20121830968907095,0.12468518340837137
0.00623181216931217,0.1848355001428449,0.11310293015134341
0.006233465608465608,0.1631987333588108,0.10260621668760357
0.0062351190476190475,0.16298610462065366,0.1028547801653172
0.006236772486772487,0.17156509135269127,0.10818093421499729
0.006238425925925926,0.16063831303191597,0.09580038450972513
0.006240079365079365,0.16991883585614356,0.10860896891197466
0.006241732804232804,0.19606016259951875,0.11993085895402363
0.0062433862433862435,0.20100052099017973,0.11979846038851213
0.006245039682539683,0.18342257798344744,0.11127608869675079
0.006246693121693122,0.1843966707787422,0.1125338430109817
0.006248346560846561,0.18381038554280607,0.1048534292920425
0.00625,0.1687259390415192,0.10206369452879384
0.0062516534391534396,0.17255105075787047,0.10842732487607493
0.006253306878306879,0.19657606103187486,0.11732462231975996
0.006254960317460318,0.205312799839609,0.11432407971474062
0.006256613756613757,0.20939366573510287,0.11646720186344123
0.006258267195767196,0.20362669487321913,0.1224402612989787
0.006259920634920636,0.18547155052650616,0.096293487368524
0.006261574074074074,0.1829471781490701,0.10750113396710786
0.006263227513227513,0.18415934059100905,0.10994516206841747
0.006264880952380952,0.19185285548547668,0.11498480002576411
0.0062665343915343915,0.22056665224093738,0.11618520186795354
0.006268187830687831,0.22040489107741673,0.11557751463955268
0.00626984126984127,0.20680889786247442,0.12177691221413708
0.006271494708994709,0.17908137415277273,0.10098707924036417
0.006273148148148148,0.17519078186000187,0.10430850432784944
0.0062748015873015876,0.1845162839596965,0.1066527906592548
0.006276455026455027,0.19025700066862974,0.10817924592735484
0.006278108465608466,0.20338228111973344,0.11380992692592784
0.006279761904761905,0.20365983235569005,0.10764953110013814
0.006281415343915344,0.19619685893608108,0.11323914776678577
0.006283068783068784,0.17832317802648404,0.11424103057087442
0.006284722222222223,0.15471026845279587,0.09823024097535116
0.006286375661375662,0.15910243318305092,0.09185860674669687
0.006288029100529101,0.16712958869661323,0.08644323117150651
0.0062896825396825395,0.17689943570085337,0.10027703150399375
0.006291335978835979,0.17396080730192667,0.10308399217307213
0.006292989417989418,0.18202690528331758,0.10696013200663008
0.006294642857142857,0.18955230420407504,0.12337968757033976
0.006296296296296296,0.1622904342813078,0.10182108085764702
0.006297949735449736,0.14725942396823558,0.08557633713000534
0.006299603174603175,0.14046755240619413,0.07902834426065346
0.006301256613756614,0.1510875505885006,0.08908508281186021
0.006302910052910053,0.17593997967350944,0.10760815371316397
0.006304563492063492,0.18048869180816043,0.11017792785874578
0.006306216931216932,0.19482885059995458,0.1201407619930813
0.006307870370370371,0.18417105408785756,0.1128451376169947
0.00630952380952381,0.16142431954021286,0.09237606863047285
0.006311177248677249,0.15532299886705825,0.09029627890973513
0.006312830687830688,0.1600969242098374,0.10550634450364477
0.006314484126984128,0.17965995103971544,0.11898331614907125
0.006316137566137567,0.18370307048696344,0.1170233074308234
0.006317791005291005,0.1879470656669703,0.11218460006233798
0.006319444444444444,0.18539971495713295,0.11167182717092007
0.006321097883597884,0.17910459095076248,0.09883189273684734
0.006322751322751323,0.17112817298772579,0.09542766716465177
0.006324404761904762,0.18443134455589633,0.11637958258002903
0.006326058201058201,0.19130942672512813,0.12863316370403555
0.00632771164021164,0.1859985766224198,0.12230229033088792
0.00632936507936508,0.1844436117142105,0.11497283573993679
0.006331018518518519,0.17310912523998415,0.11151920314779198
0.006332671957671958,0.16671771397745264,0.09266086636314759
0.006334325396825397,0.17412101359620216,0.09245460182378074
0.006335978835978836,0.19753657140395176,0.11432860408233965
0.006337632275132276,0.19955677685361767,0.12171037384294026
0.006339285714285715,0.18331353289275584,0.11872444814473022
0.006340939153439154,0.19259412533568973,0.11965953349467963
0.006342592592592593,0.18222561939633775,0.12570755384328428
0.006344246031746032,0.1618578344186784,0.09630135241713225
0.006345899470899471,0.17337219109061028,0.10049928087940958
0.00634755291005291,0.17856695724655622,0.10539805040212266
0.006349206349206349,0.1984086472225669,0.11334180446219044
0.006350859788359788,0.18811159445259082,0.11322972709622929
0.006352513227513228,0.1894195547126584,0.12059975044648905
0.006354166666666667,0.19511911813232122,0.13163930072899632
0.006355820105820106,0.17155036985587832,0.10760786358144574
0.006357473544973545,0.17343831378381278,0.10611290482289629
0.006359126984126984,0.16177359023320823,0.10223254625976771
0.006360780423280424,0.1843883174569925,0.10864781939744712
0.006362433862433863,0.18411927803062347,0.11272493085682257
0.006364087301587302,0.17167051211305306,0.11458321410760672
0.006365740740740741,0.18310773883872805,0.12121315535515588
0.0063673941798941805,0.1845024380075929,0.11201768662446723
0.00636904761904762,0.17636246733313368,0.1041471260187967
0.006370701058201059,0.146585235633979,0.09635933586198067
0.006372354497354497,0.1718666579592254,0.1000134462630224
0.006374007936507936,0.1742810352333116,0.11390735420438867
0.006375661375661376,0.16276503101626666,0.10830562278748618
0.006377314814814815,0.1617850813728613,0.1052945075342579
0.006378968253968254,0.19403021542921067,0.12031796424950139
0.006380621693121693,0.1909210572525103,0.11407017581495803
0.0063822751322751324,0.1485733580463325,0.0939322602274927
0.006383928571428572,0.17081068904450586,0.10011348768342197
0.006385582010582011,0.16804967688283065,0.11155218185089516
0.00638723544973545,0.1580810116548561,0.10885508944464428
0.006388888888888889,0.1588900589973757,0.09684136375447208
0.0063905423280423285,0.20064354032875184,0.12267479066161766
0.006392195767195768,0.216425159072288,0.14085372158768364
0.006393849206349207,0.1678311097473363,0.11119778192352316
0.006395502645502646,0.18630108055928457,0.11236382389792646
0.006397156084656085,0.17549721989211545,0.12047797875705708
0.0063988095238095245,0.1506032323365318,0.1057854579705254
0.006400462962962963,0.15440520653706144,0.09894315374107561
0.006402116402116402,0.21157519365550967,0.11481254798595064
0.006403769841269841,0.21499611368598054,0.14232136107517496
0.0064054232804232804,0.19417022346403287,0.1309317958213532
0.00640707671957672,0.1967782013903983,0.1276893198844902
0.006408730158730159,0.18430697131449805,0.13170955948098828
0.006410383597883598,0.14986842077804596,0.10678382252153405
0.006412037037037037,0.14876260266519145,0.09947258223500759
0.0064136904761904765,0.2193692045962065,0.11477095267148496
0.006415343915343916,0.21871896051724796,0.12618750000761497
0.006416997354497355,0.18256346119979852,0.11857257508053687
0.006418650793650794,0.18685158199059104,0.1260204863671951
0.006420304232804233,0.17711588285071916,0.1318896852407922
0.0064219576719576725,0.16046273423983692,0.11213302035211015
0.006423611111111112,0.15699156015110838,0.09794067293988565
0.006425264550264551,0.21574998592722747,0.1089665396518863
0.00642691798941799,0.21990066656859586,0.11883749587171862
0.0064285714285714285,0.17513140676692854,0.10435131087459817
0.006430224867724868,0.17093076653527436,0.11229131691752041
0.006431878306878307,0.15928782202644368,0.1204076682267985
0.006433531746031746,0.16439222630543054,0.10455892132326124
0.006435185185185185,0.16323067870713426,0.09365721860031868
0.0064368386243386245,0.2059438971213755,0.10118886436001807
0.006438492063492064,0.21561694034503948,0.1090384355848512
0.006440145502645503,0.1772285275297328,0.1024588618866925
0.006441798941798942,0.17623020849896698,0.11065336861124205
0.006443452380952381,0.14416470865471206,0.10570601183597418
0.0064451058201058205,0.16223403815430779,0.09917492815327236
0.00644675925925926,0.15181152970954667,0.08578410671067438
0.006448412698412699,0.19001361613426807,0.09445740487311356
0.006450066137566138,0.20448824998072,0.10406289582851178
0.006451719576719577,0.1912153845027587,0.10778913845314257
0.0064533730158730165,0.18734806573924037,0.10956579695950412
0.006455026455026455,0.1348021647619842,0.09399046223344981
0.006456679894179894,0.14072033591309774,0.09357832447266913
0.006458333333333333,0.15114142565164962,0.09551710442408468
0.0064599867724867725,0.15897183199335013,0.08979458660606361
0.006461640211640212,0.1826449192656394,0.09832711028676389
0.006463293650793651,0.19194730010170352,0.11218587306546113
0.00646494708994709,0.1940013513306808,0.11235793624879616
0.006466600529100529,0.13690849338000552,0.09201999131953377
0.0064682539682539685,0.12882264105322538,0.09419391761385942
0.006469907407407408,0.1485388178409368,0.09944432715702609
0.006471560846560847,0.14199928865381994,0.0970684013235151
0.006473214285714286,0.1548063327036635,0.10125712335278331
0.006474867724867725,0.17653245968100265,0.10333399609569122
0.0064765211640211645,0.19780490421960428,0.11806050697304904
0.006478174603174604,0.14732347894603565,0.10303401601088817
0.006479828042328043,0.13785134962555293,0.1020601987609503
0.006481481481481482,0.14416723876299428,0.10169812756610165
0.0064831349206349205,0.15208504233022932,0.10220495208431238
0.00648478835978836,0.14216540758495014,0.09745968619093226
0.006486441798941799,0.17096413162365903,0.10776079331876418
0.006488095238095238,0.18766531801774228,0.11370397524273938
0.006489748677248677,0.14839090498152377,0.109465684625777
0.0064914021164021165,0.1493286226529314,0.09939208496942792
0.006493055555555556,0.14696795221032644,0.09803133633118462
0.006494708994708995,0.15925024588884418,0.1038502649019839
0.006496362433862434,0.14236335062601374,0.08682192840336704
0.006498015873015873,0.15015711913098934,0.09721686764747801
0.0064996693121693126,0.16156977051838603,0.10284622795050327
0.006501322751322752,0.15455201369297264,0.10471882529957695
0.006502976190476191,0.15030805801770522,0.0928648349972656
0.00650462962962963,0.15481523742418782,0.0949267480715871
0.006506283068783069,0.1461098896453364,0.0920464263279521
0.006507936507936509,0.13655838420608346,0.07899844114711269
0.006509589947089948,0.12907966731672005,0.08352330270721806
0.006511243386243386,0.13664149360457264,0.08505383335831612
0.006512896825396825,0.16315708042887545,0.09776271368242428
0.0065145502645502645,0.15454980820290032,0.09668152941113727
0.006516203703703704,0.159894051449204,0.09885151531959747
0.006517857142857143,0.15429142341011276,0.08822492791398755
0.006519510582010582,0.13752859346845123,0.07697532710166469
0.006521164021164021,0.1319423151562279,0.08284780490634484
0.0065228174603174606,0.13181793993828098,0.08509964693112135
0.0065244708994709,0.1652207127435671,0.09272116192561784
0.006526124338624339,0.16284834411188231,0.09853207027424712
0.006527777777777778,0.17262399632910747,0.10491305073184744
0.006529431216931217,0.1577095506528728,0.08817965443034771
0.006531084656084657,0.14736714410129712,0.08712001834267254
0.006532738095238096,0.15385652907111444,0.09355577359249417
0.006534391534391535,0.15766102625142622,0.09963004145561499
0.006536044973544974,0.1525292612549819,0.08902575169186122
0.0065376984126984125,0.147074297093058,0.0920344813593638
0.006539351851851852,0.16748211508921945,0.09845029215542846
0.006541005291005291,0.15159231649352642,0.08963524984902013
0.00654265873015873,0.13545932367270633,0.09101094004037615
0.006544312169312169,0.15975818861542185,0.10415127260528897
0.006545965608465609,0.1762827719820512,0.12039038875450146
0.006547619047619048,0.1469209133213169,0.09044858389170064
0.006549272486772487,0.1328920028259742,0.08535441660481885
0.006550925925925926,0.1426951920168563,0.08919604575584972
0.006552579365079365,0.13381400807237628,0.0831083767840918
0.006554232804232805,0.13066636125919345,0.09749923323335885
0.006555886243386244,0.14573072436731613,0.10870049273617961
0.006557539682539683,0.15684962424956164,0.11763548658843867
0.006559193121693122,0.14862482800890112,0.10435086589182395
0.006560846560846561,0.14177758077418154,0.09385640189178471
0.006562500000000001,0.14502876964964517,0.09082868588835841
0.00656415343915344,0.12902142376794978,0.07821245096909438
0.006565806878306878,0.12533231954649046,0.08849280428115179
0.006567460317460317,0.13571046735635972,0.1086022580206056
0.006569113756613757,0.13321717910853842,0.1081813776151785
0.006570767195767196,0.14053911392216725,0.10387112910945692
0.006572420634920635,0.14855857145150028,0.10122838061254798
0.006574074074074074,0.14722922290486548,0.09238662116492039
0.006575727513227513,0.13289753594215034,0.08073416882011378
0.006577380952380953,0.12277652852475329,0.08085569526181705
0.006579034391534392,0.12468634463088155,0.09178042565509138
0.006580687830687831,0.12240123058478834,0.09295462005637978
0.00658234126984127,0.12947303930792245,0.09459067359644953
0.006583994708994709,0.14338318227230926,0.09466597557689989
0.006585648148148149,0.13108052210244595,0.08725182507162113
0.006587301587301588,0.12051401700217187,0.08012786334181213
0.006588955026455027,0.13164754938353532,0.08702989446527976
0.006590608465608466,0.1253440771907942,0.08531683055991839
0.0065922619047619055,0.12355909847037136,0.077056161156193
0.006593915343915344,0.13206983672869202,0.08134442841280637
0.006595568783068783,0.12647579286411786,0.08208455397991152
0.006597222222222222,0.12617088380208194,0.0900924401297108
0.006598875661375661,0.11957002151793317,0.0788471346047713
0.006600529100529101,0.15347153740512567,0.09755475696302669
0.00660218253968254,0.1441511568318397,0.09615464275200032
0.006603835978835979,0.12930091580150793,0.07404497161343607
0.006605489417989418,0.1458931128752645,0.07490894852577736
0.0066071428571428574,0.1260813439216634,0.0717746420194729
0.006608796296296297,0.1211332584364556,0.08981630678068367
0.006610449735449736,0.13029515230998512,0.08250942574413322
0.006612103174603175,0.1562843323729157,0.0905054751460065
0.006613756613756614,0.15373768736018534,0.09675414319960225
0.0066154100529100535,0.14510427975619872,0.0765570535107829
0.006617063492063493,0.15918560097629114,0.08082738007210041
0.006618716931216932,0.1335247106049375,0.07075126267470756
0.006620370370370371,0.1141867318175998,0.08046819495114034
0.006622023809523809,0.13247836225447976,0.08367995361654959
0.006623677248677249,0.14003033878440493,0.08039021900442712
0.006625330687830688,0.13564660244538493,0.07658470078962588
0.006626984126984127,0.14807816903517626,0.0734941150752031
0.006628637566137566,0.17285434942811276,0.09374793876352581
0.0066302910052910054,0.13488163311768459,0.08070161672682245
0.006631944444444445,0.11928989609926792,0.07990778875145627
0.006633597883597884,0.14138694231693796,0.09132972845977771
0.006635251322751323,0.14253289956717052,0.08537125048984855
0.006636904761904762,0.1290771534403132,0.07000089124127616
0.0066385582010582015,0.13394867944817226,0.07640744740105178
0.006640211640211641,0.1676543705043457,0.09987711916070849
0.00664186507936508,0.14078804873493836,0.09805963337623708
0.006643518518518519,0.12868997125957865,0.08379143235155265
0.006645171957671958,0.15350154856923418,0.09681706188231995
0.0066468253968253975,0.1705277836279742,0.10110528535772001
0.006648478835978836,0.13582069243004757,0.07804677612729284
0.006650132275132275,0.13479463645166764,0.09127251381669697
0.006651785714285714,0.16408168388535693,0.10573526191350152
0.0066534391534391535,0.1423595983661426,0.10331976804554126
0.006655092592592593,0.13782682845994143,0.09033977822646039
0.006656746031746032,0.15641820630328748,0.08891457497552085
0.006658399470899471,0.17585049939860758,0.105509894546036
0.00666005291005291,0.1494955748076738,0.08367333268612082
0.0066617063492063495,0.13964277374517414,0.09337436838665919
0.006663359788359789,0.17857890821221442,0.1165865811184485
0.006665013227513228,0.15460736465263358,0.10473871377771092
0.006666666666666667,0.14940315628911746,0.09978972488525213
0.006668320105820106,0.15028259494790108,0.08768011154030983
0.0066699735449735455,0.16194579752784174,0.09492260605423058
0.006671626984126985,0.15489967485515937,0.08471697824056043
0.006673280423280424,0.1391442914732434,0.08401042093265305
0.006674933862433863,0.18386005231928787,0.1190533324398073
0.0066765873015873015,0.16394916416380867,0.10650839434924894
0.006678240740740741,0.15392204815494606,0.0993184270083877
0.00667989417989418,0.14807086317563478,0.09415104550034738
0.006681547619047619,0.14427776378452356,0.09188272059160753
0.006683201058201058,0.15311917313398263,0.08464979566916181
0.0066848544973544975,0.13504747097154327,0.07598982879146578
0.006686507936507937,0.16069757820814254,0.10645250673967553
0.006688161375661376,0.15598225187898107,0.10512968299593739
0.006689814814814815,0.1365529498364709,0.08403904688689096
0.006691468253968254,0.14914751698888026,0.0964864699652872
0.0066931216931216935,0.13163473154409838,0.08964539396190994
0.006694775132275133,0.14758045693870675,0.08593881349202441
0.006696428571428572,0.14169662656106488,0.08459013108854614
0.006698082010582011,0.13632773088701403,0.0929269223786833
0.00669973544973545,0.13514146278772196,0.09387408281818954
0.0067013888888888895,0.12361780524455124,0.07627658164067412
0.006703042328042329,0.16267857188670112,0.1022894587316879
0.006704695767195767,0.14941755269449428,0.0908605454176058
0.006706349206349206,0.14938773157639193,0.090560628446605
0.0067080026455026455,0.13958628068966575,0.091259193107215
0.006709656084656085,0.12904868692885896,0.09677554405976327
0.006711309523809524,0.12998107712110105,0.08960777354352624
0.006712962962962963,0.1456252411551814,0.07900099402500547
0.006714616402116402,0.19257199334086825,0.11250558205769007
0.0067162698412698415,0.18238050992889648,0.10623886196918424
0.006717923280423281,0.16685800092435632,0.10324271402105208
0.00671957671957672,0.13504679129424943,0.08933771354200357
0.006721230158730159,0.1273355254992157,0.09849680302863144
0.006722883597883598,0.13565493413362226,0.09570981542231252
0.0067245370370370375,0.17054216209248652,0.09102308991767293
0.006726190476190477,0.20778994072888696,0.10591723607274098
0.006727843915343916,0.19162150559120503,0.11181138891927687
0.006729497354497355,0.18686585419061036,0.12095048714854711
0.0067311507936507935,0.1448117103646679,0.09316481125821056
0.006732804232804233,0.148785585599244,0.0989789590445095
0.006734457671957672,0.15307525510375491,0.1002713130893655
0.006736111111111111,0.16967218372898518,0.09878896230445249
0.00673776455026455,0.1862745695739139,0.0982441950228239
0.0067394179894179895,0.16919909116751658,0.09764771942597045
0.006741071428571429,0.18876395666203813,0.1219621731154266
0.006742724867724868,0.18310242271948707,0.10733313249068244
0.006744378306878307,0.18482083918163433,0.10448120276703478
0.006746031746031746,0.1843833529379787,0.11031159084045482
0.0067476851851851856,0.16109049439133064,0.10317115913175791
0.006749338624338625,0.17287258658087282,0.10422196687722711
0.006750992063492064,0.1513256303036278,0.08886413045911118
0.006752645502645503,0.1817566214498558,0.11074534820323474
0.006754298941798942,0.19921625123474584,0.12174307717970055
0.006755952380952382,0.1922441888690701,0.10500171433048354
0.006757605820105821,0.20206718827596457,0.11377086768634195
0.006759259259259259,0.16813723395679134,0.11163682497113216
0.006760912698412698,0.17423067767284178,0.11292306264470983
0.0067625661375661375,0.15783892412762307,0.09277680473287381
0.006764219576719577,0.16472268341890595,0.09999344601516069
0.006765873015873016,0.1803033101272691,0.1187768315249917
0.006767526455026455,0.15700365298398147,0.10100973259589685
0.006769179894179894,0.18600075919371725,0.10860107330560133
0.0067708333333333336,0.17921954883180238,0.11501229016690866
0.006772486772486773,0.18010989220617168,0.11928500823674096
0.006774140211640212,0.1633305606787367,0.09816862999204737
0.006775793650793651,0.15948067225476878,0.09328284249320155
0.00677744708994709,0.15532448118514242,0.1005579020427873
0.00677910052910053,0.12370622186974531,0.09442881695789619
0.006780753968253969,0.15634886751070398,0.10432199623872919
0.006782407407407408,0.1679371781932331,0.11053222436685436
0.006784060846560847,0.18050422846831377,0.11488764374310312
0.006785714285714286,0.17892750539168745,0.11224994190945445
0.006787367724867725,0.1645873357773039,0.09728784355044748
0.006789021164021164,0.154281930664718,0.08505969561918522
0.006790674603174603,0.1291143227298482,0.09172884952714383
0.006792328042328042,0.1393019357990841,0.10508759008195395
0.006793981481481482,0.15079265739178305,0.10450242966922732
0.006795634920634921,0.14784769036348677,0.09890125415315203
0.00679728835978836,0.18921184889606033,0.11639069071424206
0.006798941798941799,0.18356230465141263,0.11540494342955779
0.006800595238095238,0.14825810987711566,0.08504743019080127
0.006802248677248678,0.15379030226454948,0.08947524956488678
0.006803902116402117,0.15123172856409048,0.10570718507201977
0.006805555555555556,0.13631631260125185,0.09526070572892266
0.006807208994708995,0.12291161730219846,0.08449952910379567
0.006808862433862434,0.1641270727562266,0.1099013069162989
0.006810515873015874,0.19644055393132556,0.12816879092822808
0.006812169312169313,0.1432602690781751,0.09270413349695458
0.006813822751322752,0.1518708602938786,0.08707133551840977
0.00681547619047619,0.1564415801267687,0.09538528865742539
0.00681712962962963,0.1326820556725888,0.08256552833721244
0.006818783068783069,0.11780663672729955,0.07192009516641323
0.006820436507936508,0.14256051061553993,0.10145517306976791
0.006822089947089947,0.17875640821611288,0.12186887746141062
0.006823743386243386,0.1499738237268724,0.10086281539507638
0.006825396825396826,0.13789144969722344,0.08483288344746573
0.006827050264550265,0.14251914619487147,0.08460894740616222
0.006828703703703704,0.11412358991186448,0.06921929343798505
0.006830357142857143,0.12379220424621958,0.06861673918356487
0.006832010582010582,0.13370108190506266,0.09427466733330685
0.006833664021164022,0.15217239604294489,0.1016579710035545
0.006835317460317461,0.15406704194233664,0.09443588923339676
0.0068369708994709,0.12252192561221092,0.08732246312231762
0.006838624338624339,0.12755378634847656,0.07487690425693955
0.0068402777777777785,0.10661222754557415,0.06410581504477446
0.006841931216931217,0.1186788101657065,0.06731656325657207
0.006843584656084656,0.12821947293016087,0.09110752827263675
0.006845238095238095,0.137105186664353,0.09216148420412361
0.006846891534391534,0.14303097226255318,0.0793738662067152
0.006848544973544974,0.1256546767028159,0.08816296112290276
0.006850198412698413,0.12663923285137607,0.07812582881131083
0.006851851851851852,0.11685486933500457,0.06286389040742972
0.006853505291005291,0.12437572769300104,0.06366406987933639
0.0068551587301587304,0.11960041145412027,0.0820475518761659
0.00685681216931217,0.13127910158491068,0.08801711431212615
0.006858465608465609,0.132779824530038,0.08044184938882576
0.006860119047619048,0.1320379126914621,0.08924346922401863
0.006861772486772487,0.13477616762754357,0.08619829905741244
0.0068634259259259265,0.15043129258674606,0.07777419296069146
0.006865079365079366,0.14413471936245215,0.0662350483475932
0.006866732804232805,0.12339934144163536,0.07743921139574346
0.006868386243386244,0.12828640645457864,0.07992204798015372
0.006870039682539682,0.13682669553722512,0.08583894243974764
0.006871693121693122,0.1303262393699239,0.09225428189199951
0.006873346560846561,0.12223375559189685,0.08252263930200618
0.006875,0.15974735062512946,0.08702168745757971
0.006876653439153439,0.1641632185121043,0.08598282189211885
0.0068783068783068784,0.13102116245444778,0.08009282788456475
0.006879960317460318,0.13334869963133397,0.07303398436835778
0.006881613756613757,0.14032043123794025,0.08186897138598917
0.006883267195767196,0.12558903854372788,0.0876707345684702
0.006884920634920635,0.11419927508310257,0.07802567216459468
0.0068865740740740745,0.1378927792249182,0.08154827748703317
0.006888227513227514,0.14982026610475188,0.09268682268359153
0.006889880952380953,0.12825796507299492,0.0869647234165929
0.006891534391534392,0.1396234237053917,0.07738082925644897
0.006893187830687831,0.12823139330626213,0.07321730083567632
0.0068948412698412705,0.11936735589476219,0.07817262979572144
0.00689649470899471,0.11642198107452296,0.07816216122437682
0.006898148148148148,0.13743215215027874,0.08164431144049075
0.006899801587301587,0.13653571549807716,0.09215281985569647
0.0069014550264550265,0.12959523964778408,0.08727650962598497
0.006903108465608466,0.14028668429496835,0.0883143696665282
0.006904761904761905,0.12768356362285715,0.08605768377288879
0.006906415343915344,0.11874085870081527,0.07946490400480667
0.006908068783068783,0.12314693933473526,0.0866368806726656
0.0069097222222222225,0.14661485923981193,0.08508563161717903
0.006911375661375662,0.15039717487351556,0.09728197043561292
0.006913029100529101,0.14566244121657482,0.08973818621991123
0.00691468253968254,0.14250899918248247,0.09323227284496766
0.006916335978835979,0.1501234960864681,0.10387866850743023
0.0069179894179894185,0.13717387888722973,0.08984301091027426
0.006919642857142858,0.12819728264115737,0.09715779823121684
0.006921296296296297,0.1566700503553785,0.1027558572075881
0.006922949735449736,0.1636953399712819,0.10025790052903796
0.0069246031746031745,0.15132505592976206,0.08884806759533476
0.006926256613756614,0.15488697865628892,0.09083646941432719
0.006927910052910053,0.1731943483877133,0.11017342901688844
0.006929563492063492,0.1592431963751288,0.09426538355596323
0.006931216931216931,0.13709338452819977,0.09939679745372967
0.0069328703703703705,0.15108632434903277,0.1099168128012401
0.00693452380952381,0.1614023292384061,0.1045409351990013
0.006936177248677249,0.15121174552525568,0.08677893605930789
0.006937830687830688,0.16209177354025406,0.08704640801912747
0.006939484126984127,0.17739319422106078,0.09987120113546004
0.0069411375661375665,0.18282957539079972,0.10326792288478875
0.006942791005291006,0.14502010910162696,0.09615720175824169
0.006944444444444445,0.14760715270233518,0.10915825190279126
0.006946097883597884,0.14424076213751655,0.09819629850047594
0.006947751322751323,0.15040539680668574,0.08364767313725327
0.0069494047619047625,0.16250262359432951,0.08386932223567038
0.006951058201058202,0.16196661529361067,0.08875236432508718
0.00695271164021164,0.19084034282463783,0.10713741857090325
0.006954365079365079,0.15410318429024245,0.10098993926279944
0.0069560185185185185,0.1422122485267313,0.09750373113254379
0.006957671957671958,0.13385349352251416,0.09709250505133546
0.006959325396825397,0.14808623857347614,0.08079855142746478
0.006960978835978836,0.1669964363416841,0.08461217278729398
0.006962632275132275,0.14330551544601072,0.07716006247566971
0.0069642857142857145,0.16322500992695527,0.09103217779208488
0.006965939153439154,0.15354381567713637,0.10522810632931226
0.006967592592592593,0.1341592582513216,0.08995540796950252
0.006969246031746032,0.11665534292023733,0.08354044601469698
0.006970899470899471,0.14102217883154933,0.07845567064537379
0.0069725529100529106,0.17016602762940974,0.09188054586303432
0.00697420634920635,0.13755213401001318,0.07911073927746638
0.006975859788359789,0.133898129073541,0.075720885571891
0.006977513227513228,0.12717507928627175,0.08239383625017307
0.006979166666666667,0.12861072142458221,0.09218828227499345
0.006980820105820106,0.10056623220459816,0.06934830378966975
0.006982473544973545,0.13291500828672156,0.07236705989890285
0.006984126984126984,0.16275311423673322,0.08934415297300058
0.006985780423280423,0.13669028838932026,0.09019999552710857
0.0069874338624338625,0.1218494785429672,0.07730409573004754
0.006989087301587302,0.10910134553993983,0.06526950078334487
0.006990740740740741,0.12737137780815824,0.08412444356865599
0.00699239417989418,0.09822524200074566,0.06842332054116346
0.006994047619047619,0.13177250642391689,0.07211080293712825
0.0069957010582010586,0.1585446619318582,0.08819588245680147
0.006997354497354498,0.14250041634945582,0.09416548551834535
0.006999007936507937,0.12061109051617597,0.08167625253886784
0.007000661375661376,0.11243420993623827,0.06517123581522624
0.007002314814814815,0.1273964042457113,0.08059387614448835
0.007003968253968255,0.11688158819229823,0.07879782807724936
0.007005621693121694,0.1391970811312644,0.07866160590582819
0.007007275132275133,0.15417691249078067,0.08968464867235743
0.007008928571428571,0.15249320420187534,0.09776603245001211
0.0070105820105820105,0.13165279148945616,0.08464552780475067
0.00701223544973545,0.12238522839926044,0.07439392219681305
0.007013888888888889,0.12756039344093892,0.08064806878911852
0.007015542328042328,0.13576311799954022,0.0898634054012527
0.007017195767195767,0.14787715453480685,0.08669596681402673
0.007018849206349207,0.1457820327480772,0.08945570692009137
0.007020502645502646,0.14727358063818374,0.08990628185279188
0.007022156084656085,0.1369931424935734,0.08195929067616993
0.007023809523809524,0.12851151274837458,0.07822560917669726
0.007025462962962963,0.11678805824462588,0.0794740733342586
0.007027116402116403,0.13807917154347854,0.0886282165254039
0.007028769841269842,0.1454189576203118,0.08255556818873167
0.007030423280423281,0.13101622008081668,0.08372104958998533
0.00703207671957672,0.1410268209873606,0.08258350110890625
0.007033730158730159,0.13483772609466768,0.07274158642651724
0.007035383597883598,0.1194861918136236,0.0667559487330428
0.007037037037037037,0.10149897884359309,0.07375804725049764
0.007038690476190476,0.12334412517333647,0.0826317995082299
0.007040343915343915,0.13844932030594287,0.0725108317896051
0.007041997354497355,0.12280001626223029,0.08103296705008628
0.007043650793650794,0.13540756281069305,0.08209686251300952
0.007045304232804233,0.14789867755797637,0.07868127819000006
0.007046957671957672,0.11831729369933316,0.06512466295801783
0.007048611111111111,0.09402176360559367,0.06700030582820449
0.007050264550264551,0.11594513274666068,0.08136060199052196
0.00705191798941799,0.13419229186656462,0.07112412027832049
0.007053571428571429,0.12609487185796678,0.08286087176216378
0.007055224867724868,0.13448930530378397,0.0912204206518992
0.007056878306878307,0.150235407745377,0.0916968173826088
0.007058531746031747,0.14107075357343407,0.07663411793653976
0.007060185185185186,0.10267895566706642,0.06907987606478659
0.007061838624338625,0.1136104120492098,0.07517480462877747
0.007063492063492063,0.14185022763376381,0.08047532429678673
0.007065145502645503,0.13814787071623477,0.08688731072022506
0.007066798941798942,0.12764887740809155,0.09102819032405134
0.007068452380952381,0.1371075539983072,0.09232228284798147
0.00707010582010582,0.1505641642898919,0.08636633135932037
0.007071759259259259,0.12321203061461691,0.07100380289801786
0.007073412698412699,0.11454113366645843,0.06432795843307693
0.007075066137566138,0.143377538089079,0.09122744337146033
0.007076719576719577,0.1510217728008615,0.09441944598297704
0.007078373015873016,0.12361154816418665,0.08136445814080627
0.007080026455026455,0.1176387651014001,0.07981297257140764
0.007081679894179895,0.1409253112407805,0.08760186083222724
0.007083333333333334,0.13672971569809186,0.07567203718839258
0.007084986772486773,0.12196123224333912,0.06767656713006776
0.007086640211640212,0.14263605516154587,0.08902784363533237
0.0070882936507936515,0.13590284857444393,0.09309602208234641
0.007089947089947091,0.1137917802925805,0.0739772739873573
0.007091600529100529,0.10349194185005911,0.07101009449832645
0.007093253968253968,0.13340100960509493,0.08563813727816347
0.007094907407407407,0.1381306048847356,0.08079594862114735
0.007096560846560847,0.12062452967184377,0.07628313624583823
0.007098214285714286,0.13768377356915326,0.08406441677246627
0.007099867724867725,0.1137610073986673,0.0763755531278556
0.007101521164021164,0.09783320427917129,0.0682976754273264
0.0071031746031746034,0.10807840928730274,0.07206169093520154
0.007104828042328043,0.1226493021069105,0.08185636304829025
0.007106481481481482,0.12454012891912872,0.08162927600259494
0.007108134920634921,0.10747698302696965,0.07618213571548507
0.00710978835978836,0.12417602984408875,0.07373686366453254
0.0071114417989417995,0.10270560356079368,0.06048476998418611
0.007113095238095239,0.09696028203953863,0.06702159495868507
0.007114748677248678,0.12252019043935315,0.08047727395136611
0.007116402116402117,0.13497845368784978,0.08465892926411975
0.007118055555555555,0.10799289579584104,0.0760407999190501
0.007119708994708995,0.09469839933181809,0.07463313856541086
0.007121362433862434,0.11129062504377853,0.06576660814562442
0.007123015873015873,0.10740584072625646,0.06278351311965952
0.007124669312169312,0.1079754418230805,0.07322586278413372
0.0071263227513227514,0.12245965762200055,0.08050193921628342
0.007127976190476191,0.14069534629085764,0.08800777545092911
0.00712962962962963,0.11870709459011478,0.08153972585381028
0.007131283068783069,0.11440574951561272,0.08706063015484719
0.007132936507936508,0.11066097950000969,0.07255170542920947
0.0071345899470899475,0.11788123567206116,0.07453773901649093
0.007136243386243387,0.11755631306172187,0.08153957969635363
0.007137896825396826,0.12349867013936572,0.08213494009694773
0.007139550264550265,0.1343630035079585,0.08772157253982973
0.007141203703703704,0.12399119893886476,0.08534692134493264
0.0071428571428571435,0.12245053228893489,0.09886238469163233
0.007144510582010583,0.12495687207551356,0.08409649623983403
0.007146164021164021,0.1266208345626534,0.08323646277411997
0.00714781746031746,0.13020940335522257,0.08427888241255393
0.0071494708994708995,0.12104558924544305,0.07910494566612071
0.007151124338624339,0.13032757543414422,0.0900393916778384
0.007152777777777778,0.1334313632089942,0.09022538521407976
0.007154431216931217,0.12318591965115148,0.09445277371870507
0.007156084656084656,0.11647793768347185,0.08606325779704382
0.0071577380952380955,0.12179843424496757,0.08069862133466005
0.007159391534391535,0.1277934051572972,0.08045396018466346
0.007161044973544974,0.13456392676078274,0.076009868161808
0.007162698412698413,0.12168047046896593,0.08896849841710766
0.007164351851851852,0.1375764198655955,0.09370100512965075
0.0071660052910052915,0.13655353214840138,0.09208295589327894
0.007167658730158731,0.1246730650989052,0.0912961497886778
0.00716931216931217,0.12894233719608525,0.08554675455291226
0.007170965608465609,0.12406583438888079,0.085883715421955
0.007172619047619048,0.142514846153024,0.07997524966697815
0.007174272486772487,0.1285934452261018,0.0861611834232176
0.007175925925925926,0.13754046562879726,0.09220201055151221
0.007177579365079365,0.13878050725010527,0.08834249296544844
0.007179232804232804,0.14152437663175207,0.09918682109055413
0.0071808862433862435,0.14327818666340542,0.0989173256760605
0.007182539682539683,0.1501149676553214,0.1016189667899778
0.007184193121693122,0.15680330276039903,0.09419607615335882
0.007185846560846561,0.14045911323154156,0.08963080080777477
0.0071875,0.14675193347889015,0.09083420606577843
0.0071891534391534395,0.13243051986561066,0.08317702412010286
0.007190806878306879,0.14553365215414713,0.09822813157685151
0.007192460317460318,0.14171331672928064,0.1010841631608749
0.007194113756613757,0.16080711074413995,0.10125149796346936
0.007195767195767196,0.16280247100767628,0.1004307361182924
0.0071974206349206355,0.14387840765253615,0.09903291203912859
0.007199074074074075,0.15231903205311925,0.09552373671489482
0.007200727513227514,0.13813162001914278,0.08292491366625906
0.007202380952380952,0.14717163419695015,0.08955456169932315
0.0072040343915343915,0.14647500538265987,0.09933527374847533
0.007205687830687831,0.13529278277516785,0.08683771507397299
0.00720734126984127,0.13802990993418565,0.0863001889436274
0.007208994708994709,0.132056800573125,0.09494603137947694
0.007210648148148148,0.14265081816458422,0.09757330907486965
0.0072123015873015875,0.14745718895272963,0.08745186293939815
0.007213955026455027,0.14591922263799664,0.08055760851536613
0.007215608465608466,0.1452532508568164,0.0896303298907982
0.007217261904761905,0.12204132910848112,0.0783891951752946
0.007218915343915344,0.1183620895583664,0.07490465935346712
0.0072205687830687836,0.11898036811488936,0.07902522027483383
0.007222222222222223,0.12795203857978849,0.09074255189892949
0.007223875661375662,0.14532643152098837,0.08799529555150144
0.007225529100529101,0.1445676425215564,0.08056694653484074
0.00722718253968254,0.13289537502911963,0.0771257827665167
0.007228835978835979,0.12778724368918704,0.07686691878350468
0.007230489417989418,0.12253663953239662,0.07430373065456798
0.007232142857142857,0.11530629955884292,0.06898881182484792
0.007233796296296296,0.13084084700118623,0.08260963035419477
0.0072354497354497355,0.14913474135652804,0.09182036574869183
0.007237103174603175,0.1371511405205147,0.08379288225399813
0.007238756613756614,0.12760667097936126,0.07676994682644922
0.007240410052910053,0.13470403997287705,0.07897140264325468
0.007242063492063492,0.1270279157052446,0.07398136283792188
0.0072437169312169316,0.11902776749310519,0.06657709381764577
0.007245370370370371,0.13677144600363825,0.07740022615786604
0.00724702380952381,0.15322626153537147,0.09271765583475117
0.007248677248677249,0.132959903323399,0.08360475486944097
0.007250330687830688,0.126288751290272,0.08259816115602288
0.007251984126984128,0.14011247346333758,0.08351214694741244
0.007253637566137567,0.12000440060446743,0.07317404557950452
0.007255291005291006,0.11719207545559181,0.06784587212897307
0.007256944444444444,0.13273175048702576,0.0724928509627008
0.0072585978835978835,0.14977912070601013,0.08784278934289903
0.007260251322751323,0.12843863333643715,0.07599853682022582
0.007261904761904762,0.12301035105964289,0.07917699591274442
0.007263558201058201,0.14137135850830312,0.08862773138922271
0.00726521164021164,0.11890153613099852,0.07645728168682893
0.00726686507936508,0.11089445035923305,0.07284430737998232
0.007268518518518519,0.1254478464963583,0.07252911096162584
0.007270171957671958,0.13363513817120384,0.07777299167239789
0.007271825396825397,0.11949392220869254,0.0687005474207481
0.007273478835978836,0.11909415423410036,0.06969512111110092
0.007275132275132276,0.14322245956730623,0.08540698814012465
0.007276785714285715,0.12024414473076417,0.08235076530296906
0.007278439153439154,0.10874322313190397,0.07994611247433973
0.007280092592592593,0.12171245994144048,0.07462807301460342
0.007281746031746032,0.12067338527425328,0.06979488080853286
0.007283399470899472,0.11166003458913355,0.06737983115197899
0.00728505291005291,0.12433075466326883,0.06653330186060805
0.007286706349206349,0.13751291860394202,0.07468073427746914
0.007288359788359788,0.11844453351555179,0.07720081420859894
0.007290013227513228,0.11159205991839855,0.08118637070691431
0.007291666666666667,0.12982608718143143,0.08006190252586377
0.007293320105820106,0.12233337959903613,0.06749773724769034
0.007294973544973545,0.11546334200353109,0.06994616355889051
0.007296626984126984,0.12352113955249992,0.06527488665944134
0.007298280423280424,0.1192599872786524,0.0596747467437924
0.007299933862433863,0.11033299852425037,0.06507583535968506
0.007301587301587302,0.11677193498157319,0.075419186850946
0.007303240740740741,0.14090389810885692,0.0835631512079026
0.00730489417989418,0.12934449730326156,0.07059052768010608
0.00730654761904762,0.11370983082459662,0.0643553491360907
0.007308201058201059,0.1067547872407689,0.06094855609192015
0.007309854497354498,0.09288512745599682,0.0496643717090849
0.007311507936507937,0.09992435446200287,0.058342203688875605
0.007313161375661376,0.1150701314633379,0.06983767995857487
0.007314814814814815,0.1369764561365285,0.08141922466674814
0.007316468253968254,0.1390767741985654,0.0783319458445941
0.007318121693121693,0.10069898877317696,0.06214191808732294
0.007319775132275132,0.09662048863293007,0.06096294929204734
0.007321428571428572,0.08354825392878157,0.051255747092683386
0.007323082010582011,0.09033914470890697,0.06208532420583261
0.00732473544973545,0.11178204169916581,0.07031653057123302
0.007326388888888889,0.1297567419204569,0.07785508213975714
0.007328042328042328,0.13566164890132215,0.08429891909771885
0.007329695767195768,0.10952646513635184,0.0742602375169372
0.007331349206349207,0.10065110454289578,0.06665336784393226
0.007333002645502646,0.09325598254940727,0.06132740797923174
0.007334656084656085,0.09550300344198343,0.07655552914408684
0.0073363095238095245,0.10594765964390879,0.07129862338765791
0.007337962962962964,0.1251904716962837,0.0719231263597493
0.007339616402116402,0.1358636638140303,0.08652383030695711
0.007341269841269841,0.1141976134509295,0.0776425505486774
0.00734292328042328,0.10829197574889998,0.07074615402037598
0.00734457671957672,0.09401573158866501,0.06299697504282949
0.007346230158730159,0.10455051827196861,0.08785020200047723
0.007347883597883598,0.10428394170232964,0.0797351917531787
0.007349537037037037,0.1217580263915013,0.06821767850131163
0.0073511904761904764,0.12778056687574593,0.07987780994347247
0.007352843915343916,0.11141979386640928,0.07370560525423675
0.007354497354497355,0.10139635465500849,0.06900962073483093
0.007356150793650794,0.09903511767048866,0.06773789863583679
0.007357804232804233,0.10871577641991637,0.09129158052980299
0.0073594576719576725,0.09634185833998857,0.08485040923248974
0.007361111111111112,0.11585124926118487,0.07629129107209741
0.007362764550264551,0.12395396336699535,0.080887595688483
0.00736441798941799,0.10526840022423001,0.07382353171846445
0.007366071428571429,0.1007706003221168,0.07886571194579525
0.007367724867724868,0.11106098902510593,0.07601972699042073
0.007369378306878307,0.11736096362841726,0.09443460276328064
0.007371031746031746,0.0963767673669169,0.09240589148365437
0.007372685185185185,0.10947471119693451,0.0850703237685038
0.0073743386243386244,0.12031658251340602,0.08387734279803259
0.007375992063492064,0.10556314703757706,0.08323382937712485
0.007377645502645503,0.1099083053182148,0.08421511961381364
0.007379298941798942,0.12493392074682384,0.0909427906318628
0.007380952380952381,0.11769191115135978,0.08832875061393632
0.0073826058201058205,0.09921546170496433,0.0868237364432767
0.00738425925925926,0.1123551813628512,0.08897505755804502
0.007385912698412699,0.11685980741893949,0.08043594765232351
0.007387566137566138,0.09768936855075605,0.07668085603428859
0.007389219576719577,0.11636647058803319,0.0782723911515727
0.0073908730158730165,0.1272541753563174,0.08875658105469014
0.007392526455026456,0.11541414422577623,0.08672190963831417
0.007394179894179895,0.10053238529313037,0.07706522261307845
0.007395833333333333,0.10789657990166121,0.07333258637863166
0.0073974867724867725,0.11337723474259206,0.07312362869616912
0.007399140211640212,0.0901780942667137,0.06403146852590001
0.007400793650793651,0.11330898545205546,0.0704927131156312
0.00740244708994709,0.12197814677369971,0.07912117251739305
0.007404100529100529,0.11874855034807093,0.08591370051613324
0.0074057539682539685,0.11249706936462292,0.07653904608409207
0.007407407407407408,0.0981848346818137,0.06795863948576117
0.007409060846560847,0.11146765063239196,0.06602832891552982
0.007410714285714286,0.09772050849400489,0.064250246297469
0.007412367724867725,0.10011145132090656,0.06677412627259542
0.0074140211640211645,0.11482542055399185,0.0759194110545199
0.007415674603174604,0.11828912767258994,0.08422075367853793
0.007417328042328043,0.1140987124396063,0.07050831017761182
0.007418981481481482,0.10452418337200432,0.07358521405307221
0.007420634920634921,0.10861500019295539,0.07116203394564491
0.00742228835978836,0.1125238739317984,0.06962374048054575
0.007423941798941799,0.0916746902591499,0.0626969886088802
0.007425595238095238,0.10171311725021193,0.06779427706851773
0.007427248677248677,0.1054277488438967,0.07618142545216569
0.0074289021164021165,0.10150091638900592,0.06354565757980547
0.007430555555555556,0.10902191280313275,0.07302347689701473
0.007432208994708995,0.11908568594853434,0.07920133582636124
0.007433862433862434,0.12190984506609964,0.07671863210619527
0.007435515873015873,0.08877381464702473,0.05434025864044921
0.0074371693121693125,0.08572609854473212,0.05483548376452223
0.007438822751322752,0.1007201636712099,0.06844063830293855
0.007440476190476191,0.10685990410853244,0.0713956811639199
0.00744212962962963,0.11921479243773145,0.07366466033323758
0.007443783068783069,0.12712627761916123,0.0789009430423253
0.0074454365079365085,0.1278295322056376,0.07754083673601889
0.007447089947089948,0.09297715919245936,0.058508150023837
0.007448743386243387,0.08800456951347439,0.05314602341943519
0.007450396825396825,0.10290056566270855,0.06952026054085078
0.0074520502645502645,0.12185440212819076,0.07785365618929312
0.007453703703703704,0.13293539440899035,0.0722824621936151
0.007455357142857143,0.13265593750716123,0.07477674116283749
0.007457010582010582,0.13170894588743093,0.0783533077899049
0.007458664021164021,0.10730156961627949,0.06594625835976885
0.0074603174603174605,0.10540263577570036,0.06501404357548869
0.0074619708994709,0.10672467419402644,0.07104226961353147
0.007463624338624339,0.12195156639916638,0.0738351485149385
0.007465277777777778,0.12819213002081165,0.0643786294954324
0.007466931216931217,0.12870315051853798,0.06365729778315199
0.0074685846560846566,0.12692445008952402,0.08227687929849814
0.007470238095238096,0.12053010897934982,0.0773880207522179
0.007471891534391535,0.1190879814267406,0.07079124826934848
0.007473544973544974,0.10390724363385896,0.06524364516891228
0.007475198412698413,0.10948859603725998,0.06460961914344708
0.007476851851851853,0.12484933474448329,0.06500837753222753
0.007478505291005291,0.10564389318958618,0.058708925115480225
0.00748015873015873,0.10795578859297886,0.07618759386002011
0.007481812169312169,0.11415489941025307,0.07935284729078709
0.0074834656084656085,0.12163961865061919,0.07717266772542639
0.007485119047619048,0.10450644280534992,0.06740199829681542
0.007486772486772487,0.10371261836286122,0.06149410324891942
0.007488425925925926,0.11905713833372068,0.0680545021312842
0.007490079365079365,0.09389774726803213,0.06189851080856259
0.0074917328042328046,0.09628653886299948,0.07313481871299618
0.007493386243386244,0.10628994154257083,0.07330525105312746
0.007495039682539683,0.11415408234731331,0.07716988132317561
0.007496693121693122,0.11823296272567027,0.08021709372851556
0.007498346560846561,0.10985107099363976,0.06998805654037986
0.007500000000000001,0.10933911032053072,0.06688451790505438
0.00750165343915344,0.10313852996020302,0.06859131769518809
0.007503306878306879,0.09929340200085549,0.07213081617786213
0.007504960317460318,0.10833533775434216,0.07481025646351369
0.0075066137566137565,0.11335257088001166,0.07612006996909149
0.007508267195767196,0.11699798900359994,0.07835583257415141
0.007509920634920635,0.11252087718964342,0.06938247088788546
0.007511574074074074,0.09950188714114735,0.06690310093930625
0.007513227513227513,0.10328546317510465,0.06382248387596627
0.007514880952380953,0.10497440767018407,0.07194092600393588
0.007516534391534392,0.10011241975390762,0.07189351252346107
0.007518187830687831,0.10969006000782455,0.07459279117505745
0.00751984126984127,0.10922028553345381,0.07485577562972617
0.007521494708994709,0.10258959073528509,0.05635949823882105
0.007523148148148149,0.0950638635601506,0.06417972134390873
0.007524801587301588,0.09945549604889106,0.06092441798504513
0.007526455026455027,0.09524085919440202,0.06261843169080207
0.007528108465608466,0.09556615957372205,0.06901971409780475
0.007529761904761905,0.10659173696089068,0.07329687449854493
0.007531415343915345,0.11237113951297063,0.07610007343477725
0.007533068783068783,0.10920355126664122,0.06109350057389582
0.007534722222222222,0.1000422743184843,0.06179312863678743
0.007536375661375661,0.11091685054907278,0.07490257806004479
0.007538029100529101,0.10187861834835306,0.06448606786527039
0.00753968253968254,0.0998344805521409,0.06502655314917859
0.007541335978835979,0.11038728106690941,0.07638905320988347
0.007542989417989418,0.11841191659119098,0.07468932749331236
0.007544642857142857,0.12909564152136516,0.07435486983681514
0.007546296296296297,0.11751653493952562,0.07351263030756872
0.007547949735449736,0.11801378846361889,0.08249385184131809
0.007549603174603175,0.11895227825305738,0.07679674464920219
0.007551256613756614,0.10706671041400656,0.06357564297824995
0.007552910052910053,0.11765448549302487,0.07212646711477554
0.007554563492063493,0.11113601136341027,0.06993077869440201
0.007556216931216932,0.12187301158288825,0.07447362606560329
0.007557870370370371,0.14599533835042927,0.08487802076497454
0.00755952380952381,0.1170251054142327,0.07682396959497413
0.007561177248677249,0.11668680230116824,0.07731216170669931
0.007562830687830688,0.11369429921659917,0.0653257745027635
0.007564484126984127,0.11381533602941137,0.06668933356383326
0.007566137566137566,0.1087666998596339,0.06615443112173178
0.007567791005291005,0.11466566827827267,0.06849102131204501
0.007569444444444445,0.14610846204981198,0.0845521795917382
0.007571097883597884,0.126535804577608,0.07358572708760291
0.007572751322751323,0.1185108798979563,0.07442940649469892
0.007574404761904762,0.12304199821307633,0.07131112138271746
0.0075760582010582014,0.12019908269213117,0.07308071575079605
0.007577711640211641,0.11883182139150915,0.0724143047643323
0.00757936507936508,0.11773831004796947,0.06678869573471682
0.007581018518518519,0.13095303651584167,0.07496159729875398
0.007582671957671958,0.13391252428201547,0.08041699872840961
0.0075843253968253975,0.12097841304751791,0.07627646581948883
0.007585978835978837,0.14107555835485186,0.08013348473703959
0.007587632275132276,0.13477219562744902,0.08297984296323017
0.007589285714285714,0.13921510806466755,0.08852059185880254
0.007590939153439153,0.12575595104327714,0.07315375017233738
0.007592592592592593,0.12330505839202566,0.06433651900796215
0.007594246031746032,0.129197544220445,0.07923426319724347
0.007595899470899471,0.12484156899583335,0.0830438293063803
0.00759755291005291,0.13709943966772958,0.0781556127987431
0.0075992063492063494,0.14197671288746133,0.08225223876408627
0.007600859788359789,0.14032630883647168,0.08900157674661498
0.007602513227513228,0.1315248149242527,0.08139377985368407
0.007604166666666667,0.1284553631655963,0.06597227256359854
0.007605820105820106,0.1383756027149742,0.07679845548066178
0.0076074735449735455,0.13298564715055014,0.0806486039300986
0.007609126984126985,0.1319303146872582,0.0730324333514019
0.007610780423280424,0.12828091373258274,0.07082277305954253
0.007612433862433863,0.1187991004454029,0.07420123969449774
0.007614087301587302,0.12408817229488772,0.08015091111605821
0.007615740740740741,0.13615489008320375,0.07374344492239057
0.00761739417989418,0.14703284713666367,0.07861225966260237
0.007619047619047619,0.1371055913670013,0.07561475448756676
0.007620701058201058,0.1293057162972057,0.07034134458182781
0.0076223544973544975,0.12330493628350016,0.06658566870529029
0.007624007936507937,0.11050192158969752,0.06495379781674954
0.007625661375661376,0.11603353401566494,0.07679373822720001
0.007627314814814815,0.13242360155305344,0.07798182363653847
0.007628968253968254,0.13752432260525782,0.08183360859699952
0.0076306216931216935,0.12544834464727606,0.07284382432845204
0.007632275132275133,0.13030143512246015,0.06888247410693554
0.007633928571428572,0.12357034343747526,0.06990923586036439
0.007635582010582011,0.12068843075375262,0.06974609714019936
0.00763723544973545,0.11805130354416392,0.07715701991221097
0.0076388888888888895,0.12361044274988392,0.0704960799599998
0.007640542328042329,0.12347434865454085,0.08145228168725664
0.007642195767195768,0.13504843226707205,0.08288879498586682
0.007643849206349206,0.12738134814225066,0.07123425239857614
0.0076455026455026455,0.12232487711601603,0.07184517083453286
0.007647156084656085,0.1190468572951824,0.070057224532601
0.007648809523809524,0.11849596350352602,0.07523737313384642
0.007650462962962963,0.12280931876950313,0.06822507516139154
0.007652116402116402,0.12061896952992784,0.07476503765654358
0.0076537698412698415,0.14877278636499403,0.08679418584942153
0.007655423280423281,0.13859104408692727,0.07682640713872887
0.00765707671957672,0.11391941565235748,0.07526423280947106
0.007658730158730159,0.11928208488568856,0.07357557595614757
0.007660383597883598,0.11393079288327977,0.06564588599923457
0.0076620370370370375,0.11653752248046814,0.06659772622943927
0.007663690476190477,0.13425228212053839,0.076867554335328
0.007665343915343916,0.15142942103486987,0.08389428175625319
0.007666997354497355,0.13700846678926515,0.07634837078872625
0.007668650793650794,0.1108855338888427,0.07477396444866045
0.0076703042328042335,0.12267890270492059,0.08440520032755104
0.007671957671957672,0.1264875766670236,0.06686386778003736
0.007673611111111111,0.12169514688652334,0.06391330271463104
0.00767526455026455,0.131720105672263,0.07506819005624198
0.0076769179894179895,0.14001713960062603,0.08054829411039739
0.007678571428571429,0.1220823673261277,0.07503984412128603
0.007680224867724868,0.1180715010567827,0.07817101521844569
0.007681878306878307,0.12908243391223442,0.08544270500472764
0.007683531746031746,0.1346187186255544,0.07071411568335124
0.0076851851851851855,0.13070975327798592,0.07032492786811703
0.007686838624338625,0.12800405286992306,0.07435126802653313
0.007688492063492064,0.12091771883090553,0.07334056012081676
0.007690145502645503,0.11298921470740207,0.07474510591825131
0.007691798941798942,0.12623203253654267,0.0816703822450319
0.0076934523809523815,0.12194909970885065,0.07889979933466976
0.007695105820105821,0.1273197201278629,0.06485062174650007
0.00769675925925926,0.13894062749646047,0.07737551546472819
0.007698412698412699,0.12668331356064436,0.0844768807936913
0.0077000661375661375,0.11127891326815778,0.07297219232785121
0.007701719576719577,0.10927870416469142,0.06915269595094035
0.007703373015873016,0.12650899620952227,0.07953989996550084
0.007705026455026455,0.11988820170284589,0.07593348178218477
0.007706679894179894,0.11361358524327553,0.0596191433702123
0.0077083333333333335,0.12763052157108182,0.07272959183631228
0.007709986772486773,0.1289974419312943,0.08986272436533267
0.007711640211640212,0.11538240801997494,0.08294857372740372
0.007713293650793651,0.11172316679192672,0.06686394367029046
0.00771494708994709,0.11595207628202685,0.06954067497720813
0.0077166005291005296,0.12576202838229922,0.07411852450871607
0.007718253968253969,0.11607685767271596,0.07076246237555224
0.007719907407407408,0.11528983411315878,0.06806099438775014
0.007721560846560847,0.1249199120816036,0.08449988581945506
0.007723214285714286,0.11735589492300173,0.08528758171354105
0.007724867724867726,0.11138084610981913,0.06974087608442547
0.007726521164021164,0.11691997404006145,0.06954348410622967
0.007728174603174603,0.12155300864470428,0.07141711102926568
0.007729828042328042,0.12911753590557618,0.08292617337210664
0.0077314814814814815,0.11064522578881113,0.06900154972786851
0.007733134920634921,0.11895501050557528,0.07946886970302837
0.00773478835978836,0.12082572795520427,0.08785262114812596
0.007736441798941799,0.105752935072683,0.07703021688416171
0.007738095238095238,0.11337356539456409,0.0744137440789616
0.0077397486772486776,0.12089435675611947,0.07273135244540195
0.007741402116402117,0.1328593379273212,0.08441234565361773
0.007743055555555556,0.10690989207447804,0.06908243167827895
0.007744708994708995,0.10989269571481282,0.07489410969567575
0.007746362433862434,0.12362203846806574,0.08749385703501775
0.007748015873015874,0.09911284998544348,0.08220389175192575
0.007749669312169313,0.10660450335969221,0.07996642471539514
0.007751322751322752,0.12098626396614223,0.07175462241467923
0.007752976190476191,0.13481505329274412,0.07957169820618507
0.0077546296296296295,0.1079792829638424,0.06664157418385427
0.007756283068783069,0.09927444352385947,0.06708833370121668
0.007757936507936508,0.11648130608823826,0.08031206080919277
0.007759589947089947,0.09370318454941672,0.07519689153530157
0.007761243386243386,0.09837907279951322,0.0749411816804597
0.007762896825396826,0.12176642683300555,0.06838133371309087
0.007764550264550265,0.1300618397958355,0.07199156847901535
0.007766203703703704,0.11701123941607834,0.0709491606585522
0.007767857142857143,0.10309914382174394,0.06266284404186097
0.007769510582010582,0.11308370830365277,0.07848374081404846
0.007771164021164022,0.09405818192544785,0.07220650686737373
0.007772817460317461,0.08857907463752966,0.059543538911500916
0.0077744708994709,0.11324798238144605,0.06513111644752755
0.007776124338624339,0.12859013818048362,0.07051763553985224
0.007777777777777778,0.11190362101567837,0.07544937185518034
0.007779431216931218,0.11391710477942964,0.06854452912733768
0.007781084656084657,0.11699852928106493,0.08215979819991613
0.007782738095238095,0.11768775101535656,0.08864174294043044
0.007784391534391534,0.08611605300054316,0.05347438407752946
0.007786044973544974,0.09688913237374211,0.061736299305545736
0.007787698412698413,0.12007688130489834,0.07044783694484445
0.007789351851851852,0.10845475055555828,0.07580299276234462
0.007791005291005291,0.11515758252128108,0.07996363014437655
0.00779265873015873,0.11884872587462554,0.08344347812184091
0.00779431216931217,0.13236792729487104,0.09035561730446423
0.007795965608465609,0.10179296530800087,0.06684698956295852
0.007797619047619048,0.09575397477273523,0.06614635910576486
0.007799272486772487,0.11556141603221554,0.07012948820416694
0.007800925925925926,0.11688951511189236,0.07257299522065373
0.007802579365079366,0.11400602550339967,0.08378793343663346
0.007804232804232805,0.11553731933392852,0.08116324042157362
0.007805886243386244,0.12556508475990782,0.07742761442392627
0.007807539682539683,0.11407580757814495,0.07945000584407491
0.007809193121693122,0.11001464745070372,0.06904449589275204
0.007810846560846561,0.12119858771782384,0.06834163642220302
0.0078125,0.12970976495732256,0.07615940854708687
0.00781415343915344,0.12091155364481514,0.0820583368058444
0.007815806878306878,0.11075275489884062,0.07672077569519258
0.007817460317460318,0.1180405921368835,0.07209224393408714
0.007819113756613757,0.11300954450309231,0.07908255659027327
0.007820767195767197,0.11963200099574546,0.06905897541277695
0.007822420634920635,0.12072537906013131,0.062210606200033276
0.007824074074074074,0.11547115321305094,0.06677113093865873
0.007825727513227514,0.1163051181794386,0.0760079705697003
0.007827380952380952,0.11753234902691989,0.08257543977507645
0.007829034391534392,0.1326165662593548,0.083797046706655
0.00783068783068783,0.10857732845036748,0.07314478053394696
0.00783234126984127,0.1100099270634779,0.06108481496864381
0.007833994708994709,0.11335883058915323,0.061366999973863176
0.007835648148148149,0.09927631336133419,0.05968265488624605
0.007837301587301587,0.10259593322988791,0.06297990538480346
0.007838955026455027,0.11617639164145967,0.08146734412956996
0.007840608465608466,0.13787067981157924,0.08975509784363761
0.007842261904761906,0.11683149550997139,0.07865892051066502
0.007843915343915344,0.1025226341167092,0.05655743047496424
0.007845568783068784,0.11058658105074866,0.06732583340819959
0.007847222222222222,0.10249432627252403,0.06811532147034127
0.007848875661375663,0.10331330827697278,0.0614026389618018
0.0078505291005291,0.11461478333576043,0.07243021331233708
0.00785218253968254,0.1284569171354812,0.07879361337363937
0.00785383597883598,0.11467392618101316,0.0784669099983812
0.007855489417989418,0.1012584159489709,0.0639579260590266
0.007857142857142858,0.11307343499992659,0.07208745663915424
0.007858796296296296,0.11958383482291449,0.07933556041115901
0.007860449735449736,0.10829510442462212,0.0715896309134555
0.007862103174603174,0.11461576541747444,0.06721756888661722
0.007863756613756614,0.11968070587627451,0.07230350991500428
0.007865410052910053,0.1046851591725168,0.06656972024983833
0.007867063492063493,0.10637164746738778,0.06808278274548409
0.007868716931216931,0.11492718357716772,0.07799155667097742
0.007870370370370371,0.12540374630650336,0.07953243189449662
0.00787202380952381,0.10606878952041615,0.07038153080284748
0.00787367724867725,0.10025243165546929,0.06104655911684177
0.007875330687830688,0.11720289086603788,0.07115078363079505
0.007876984126984128,0.09375705240202264,0.06359211566985472
0.007878637566137566,0.10819044143557532,0.06850518086868997
0.007880291005291005,0.12359373486067259,0.07468889894614801
0.007881944444444445,0.11972279772726667,0.07520684545055441
0.007883597883597883,0.1053248251444714,0.06777092957738945
0.007885251322751323,0.09270634260355662,0.058919241934563
0.007886904761904762,0.09813159650685964,0.06044024425380771
0.007888558201058202,0.09613372667181952,0.06408785427468179
0.00789021164021164,0.12154808013339315,0.07775745416028063
0.00789186507936508,0.1266697174006109,0.07598880615567499
0.007893518518518518,0.10184030858916676,0.06576504738684143
0.007895171957671959,0.10170662763938512,0.06382286358016692
0.007896825396825397,0.11288363571137,0.0733022692529243
0.007898478835978837,0.10394538584674035,0.06709174934281657
0.007900132275132275,0.09720809496364888,0.06322785347628901
0.007901785714285715,0.11945524726498069,0.07266151453286124
0.007903439153439154,0.12183870684025261,0.07355025326590288
0.007905092592592594,0.09342699515522178,0.06754597072872405
0.007906746031746032,0.10138750812870717,0.06801674182443851
0.00790839947089947,0.12056423266838735,0.0762582333720324
0.00791005291005291,0.1217557147901235,0.07553994432515714
0.007911706349206349,0.10839209487422402,0.06711852340995794
0.007913359788359789,0.10483377177199531,0.06511951652774377
0.007915013227513227,0.09676456122493014,0.060852694550714855
0.007916666666666667,0.09288131376770009,0.0654485484389298
0.007918320105820106,0.1169880276670041,0.07722858478048641
0.007919973544973546,0.12889101064786318,0.07695395319671507
0.007921626984126984,0.11122811772713014,0.06764576143929013
0.007923280423280424,0.10999478293505835,0.06355572417000457
0.007924933862433862,0.09650985234455378,0.05854812204231804
0.007926587301587303,0.09084491990964347,0.061836936413161216
0.007928240740740741,0.0945747098715362,0.0667092908700865
0.007929894179894181,0.11516244710756147,0.07959111741214779
0.00793154761904762,0.1350003009202787,0.07458392477615694
0.00793320105820106,0.10967857402096447,0.06869954598438649
0.007934854497354498,0.10259014497101582,0.06442366476996751
0.007936507936507936,0.09329387645466371,0.056865130307880755
0.007938161375661376,0.09037135220842699,0.06002671324681657
0.007939814814814814,0.09492415056813279,0.06661029979531402
0.007941468253968255,0.10174150121874352,0.07922802901335577
0.007943121693121693,0.1249483111163551,0.08224489907875769
0.007944775132275133,0.11559195829887207,0.07549553459529294
0.007946428571428571,0.0989331098808626,0.07352252306219423
0.007948082010582011,0.09446389217704405,0.06254563137626501
0.00794973544973545,0.08930358128238383,0.055425619239340286
0.00795138888888889,0.08794846229959853,0.061933865100991844
0.007953042328042328,0.088156189072625,0.06888872396790986
0.007954695767195768,0.10900928130611015,0.08474502585861696
0.007956349206349207,0.11168945960250737,0.08686868663331986
0.007958002645502647,0.0993552278057937,0.0715624045179258
0.007959656084656085,0.09501246143194254,0.06603737231862417
0.007961309523809523,0.10013473968077552,0.05668303852013514
0.007962962962962963,0.08861861494559914,0.0641214465183499
0.007964616402116402,0.08027829344710596,0.06553872137876732
0.007966269841269842,0.09230631589393773,0.0691148462030907
0.00796792328042328,0.11034593019023538,0.08330729035607463
0.00796957671957672,0.0978923759672794,0.06256205933811625
0.007971230158730159,0.09634912639347386,0.05901350130152504
0.007972883597883599,0.1175648851074867,0.0652315187279621
0.007974537037037037,0.10391469840990247,0.071064990270381
0.007976190476190477,0.07984853957424375,0.06896393381638537
0.007977843915343915,0.09278423590131231,0.06568301470868286
0.007979497354497355,0.11106601522258687,0.07306720587524689
0.007981150793650794,0.1023948597621959,0.05737432132418199
0.007982804232804234,0.10346205219688268,0.05872015084377118
0.007984457671957672,0.12772335209973895,0.07033513347010593
0.007986111111111112,0.11914857265618178,0.07711696430040471
0.00798776455026455,0.0875288074728015,0.06961658322860971
0.007989417989417989,0.09750441181292269,0.0721409897571609
0.007991071428571429,0.11949928860423878,0.07618724184855095
0.007992724867724867,0.10590216440101033,0.06584825896533725
0.007994378306878307,0.10394384881617588,0.060140723500005586
0.007996031746031746,0.1217822694765501,0.07258148169112735
0.007997685185185186,0.11732061633181527,0.06927846033967437
0.007999338624338624,0.09632591588226552,0.0690974289669063
0.008000992063492064,0.09600203278460957,0.07176433264372822
0.008002645502645503,0.11042983274638883,0.07174702810400277
0.008004298941798943,0.11493143322787469,0.07518780694605456
0.008005952380952381,0.09193964703407274,0.06327869251650044
0.008007605820105821,0.10443674725672343,0.06361725203430425
0.00800925925925926,0.10905668246991276,0.05978702007666523
0.0080109126984127,0.09852577728433255,0.060287772033362795
0.008012566137566138,0.09522448464059197,0.06386596075622818
0.008014219576719578,0.09692438280203554,0.06748359385817067
0.008015873015873016,0.12188491176384927,0.07495816057274447
0.008017526455026455,0.10728182989603587,0.06910742240667077
0.008019179894179895,0.09836179906460003,0.057177838254591225
0.008020833333333333,0.11235078042682152,0.061133460105805865
0.008022486772486773,0.10595177105361443,0.06361181377612389
0.008024140211640211,0.11288657304249243,0.06618360491014467
0.008025793650793651,0.10663091084119802,0.06411858587153794
0.00802744708994709,0.12048201901503454,0.07634768730925347
0.00802910052910053,0.12643270915453617,0.07289449940248524
0.008030753968253968,0.12207494637165346,0.0611744689286146
0.008032407407407408,0.12324359968170766,0.06987334676081798
0.008034060846560847,0.11911317629845614,0.07339028556990412
0.008035714285714287,0.13704280900687346,0.0783281576996286
0.008037367724867725,0.12792264225123395,0.07662413287563236
0.008039021164021165,0.1299809222465427,0.07887995629111456
0.008040674603174603,0.11875375318992414,0.06479521643350546
0.008042328042328043,0.12700114400314802,0.05821294978288197
0.008043981481481482,0.11613014388817698,0.07149762942024336
0.00804563492063492,0.11469743345666862,0.07478223688144893
0.00804728835978836,0.14599330148072484,0.08113557111043804
0.008048941798941799,0.1460155319627284,0.0855293396009282
0.008050595238095239,0.1368656733195924,0.08382343651964957
0.008052248677248677,0.11714691789100243,0.07119915118209028
0.008053902116402117,0.11242893960219426,0.051165818827627385
0.008055555555555555,0.0999534159302119,0.06365475857031762
0.008057208994708995,0.09227424589776642,0.06752272779907471
0.008058862433862434,0.12016744523323167,0.072620306109389
0.008060515873015874,0.14237578036279624,0.0786557762413493
0.008062169312169312,0.14410741492389081,0.08878866259699776
0.008063822751322752,0.13711360054641378,0.0874341511462602
0.00806547619047619,0.10426049545880138,0.05881343665018286
0.00806712962962963,0.09596995156158433,0.06103529727053908
0.008068783068783069,0.08683969455511432,0.0659725544935245
0.008070436507936509,0.09299644069386362,0.06929865019448359
0.008072089947089947,0.12150705154194577,0.07049027132962345
0.008073743386243386,0.13080223009503178,0.08400592197681178
0.008075396825396826,0.14513411685007885,0.09048409600100087
0.008077050264550264,0.1100421037205934,0.07399532162983304
0.008078703703703704,0.09979152732316601,0.06443511946142082
0.008080357142857143,0.10862980641023436,0.07364168612623058
0.008082010582010583,0.08830867583150331,0.07260160035135492
0.008083664021164021,0.10326525870394108,0.07210057959000532
0.008085317460317461,0.10532306352172215,0.07307257556652101
0.0080869708994709,0.1272435898130577,0.0813841429822865
0.00808862433862434,0.12184313355549872,0.08373419529999582
0.008090277777777778,0.10920606251982354,0.07126972861138711
0.008091931216931218,0.11270808558857404,0.07610916280674734
0.008093584656084656,0.10503534473833724,0.07460567570744887
0.008095238095238096,0.09740446420416132,0.07160590482023733
0.008096891534391535,0.1001818466622904,0.06637473862261264
0.008098544973544975,0.10554247340928827,0.06992393469790531
0.008100198412698413,0.1138004433981067,0.08100979748682043
0.008101851851851851,0.11901012210832179,0.07474211645800936
0.008103505291005291,0.1090839199073379,0.07220817971563516
0.00810515873015873,0.09667132172141266,0.06332895503877774
0.00810681216931217,0.10602082552475546,0.06684495703833743
0.008108465608465608,0.10727976889920342,0.06443048050853807
0.008110119047619048,0.10000449818204253,0.06278469349180721
0.008111772486772487,0.097114308620573,0.06646528653196147
0.008113425925925927,0.10853771583387545,0.06824414259873032
0.008115079365079365,0.09408731269183529,0.06711952297822629
0.008116732804232805,0.09380839519900654,0.05850180724066087
0.008118386243386243,0.10556155756427314,0.058323412154789284
0.008120039682539684,0.1029134044225961,0.062096621357999406
0.008121693121693122,0.10661953010243932,0.06337408917954561
0.008123346560846562,0.0868228465691155,0.05621957070931583
0.008125,0.09576671968038157,0.0619199542290648
0.00812665343915344,0.09142468412979911,0.06717778177587994
0.008128306878306879,0.09498923846619413,0.06679928862863066
0.008129960317460317,0.10815476018948379,0.06560212861904832
0.008131613756613757,0.09252280227911588,0.05707815172165251
0.008133267195767195,0.10887395731290023,0.06599187548727709
0.008134920634920636,0.09926913681420163,0.06186801154526556
0.008136574074074074,0.09330788282876344,0.06052353026158583
0.008138227513227514,0.1037463223812866,0.07138464120154629
0.008139880952380952,0.11227587697269797,0.07683364870798383
0.008141534391534392,0.10811527524665031,0.07445503189726352
0.00814318783068783,0.09538501947304179,0.0640905106066906
0.00814484126984127,0.1039341803230412,0.07258006804063173
0.008146494708994709,0.11418793377058054,0.07473079083789559
0.00814814814814815,0.11124116714258447,0.06778403670048641
0.008149801587301587,0.12708380122621618,0.07509847864210084
0.008151455026455028,0.1223042198559882,0.077040485615556
0.008153108465608466,0.10222688868443074,0.07146789308178368
0.008154761904761904,0.10421186329717358,0.07284008111822642
0.008156415343915344,0.09984782317562374,0.08357831076534003
0.008158068783068783,0.12420146293510186,0.0873686136805348
0.008159722222222223,0.12578417323680866,0.07816148644590676
0.008161375661375661,0.12956282514984443,0.07677622089866763
0.008163029100529101,0.12448941846421686,0.073769678776542
0.00816468253968254,0.09592132926447772,0.059987578685230275
0.00816633597883598,0.108044152882345,0.0759530993508008
0.008167989417989418,0.09674108243927534,0.08458956896799412
0.008169642857142858,0.11432925318320743,0.08520401916091944
0.008171296296296296,0.1358447593211694,0.08401283327644904
0.008172949735449736,0.11634522637979301,0.07287912952878645
0.008174603174603175,0.10634004435778407,0.06897613626761809
0.008176256613756615,0.09670997841508303,0.054541108438347134
0.008177910052910053,0.10026999813269948,0.06359635752318946
0.008179563492063493,0.09911091794790781,0.07906820649994681
0.008181216931216932,0.10064358464387672,0.07371497799631287
0.00818287037037037,0.13442543036298849,0.08013019870836763
0.00818452380952381,0.11448639466492555,0.06907450348642116
0.008186177248677248,0.10291512189883173,0.0635920009440106
0.008187830687830688,0.09705122153033777,0.053044969515489926
0.008189484126984127,0.08558861385187239,0.05060684784381483
0.008191137566137567,0.09774356204355554,0.06957653615161391
0.008192791005291005,0.11375791214025062,0.07794258830675571
0.008194444444444445,0.12901274668303264,0.07137278052013739
0.008196097883597884,0.1184773966859854,0.06634884201888386
0.008197751322751324,0.1119801550786276,0.06464126148163325
0.008199404761904762,0.10091114159990448,0.057349996069555514
0.008201058201058202,0.08897721547768428,0.054268839467572244
0.00820271164021164,0.10259538940793636,0.06657284493856006
0.00820436507936508,0.12739666623539636,0.0852425919878525
0.008206018518518519,0.12260805722978603,0.06754909551409868
0.008207671957671959,0.11025714126796533,0.059902686829493776
0.008209325396825397,0.11378149491971486,0.06878148338574451
0.008210978835978835,0.1112318090109014,0.06907490298419232
0.008212632275132276,0.10593497015815595,0.06882048353996398
0.008214285714285714,0.11138173017776445,0.07194832370387613
0.008215939153439154,0.12273920020307774,0.079770121874275
0.008217592592592592,0.10701068556664413,0.06494610939200504
0.008219246031746032,0.10208763688301914,0.05577482296854661
0.00822089947089947,0.10378962252191672,0.06539935769566957
0.00822255291005291,0.11816195304026035,0.07465531029780616
0.008224206349206349,0.11901325993537659,0.07545709161014337
0.00822585978835979,0.12092510307395946,0.07536126562574888
0.008227513227513228,0.10220718414957554,0.06280656989152734
0.008229166666666668,0.08714121409362784,0.059859208661378345
0.008230820105820106,0.09460837539552022,0.05868460861910676
0.008232473544973546,0.09996738821266306,0.05954423759767174
0.008234126984126984,0.11029512779674028,0.06837894874282358
0.008235780423280424,0.117187946002628,0.06791816140744993
0.008237433862433863,0.12462999925822867,0.07027610369443085
0.008239087301587301,0.09189740832322156,0.052424651515785514
0.008240740740740741,0.08353024790477923,0.056114443041753226
0.00824239417989418,0.08403256818668103,0.059891732469293496
0.00824404761904762,0.09350389351820047,0.05566246090143991
0.008245701058201058,0.09780032493989108,0.0628023227702062
0.008247354497354498,0.11277837891415142,0.06275086559352915
0.008249007936507936,0.12389165813832298,0.07034637147290164
0.008250661375661376,0.098372981460204,0.05226576043859187
0.008252314814814815,0.09419414480892108,0.05800862878394411
0.008253968253968255,0.07985989816923375,0.061461294384326175
0.008255621693121693,0.0863923868535052,0.053119370003208294
0.008257275132275133,0.09891809368551278,0.06291489055830272
0.008258928571428572,0.1085786677208649,0.06369246711563975
0.008260582010582012,0.12056065288454278,0.07604504873900526
0.00826223544973545,0.1110573228700182,0.06010772158130176
0.00826388888888889,0.10616867751179487,0.061558732791132956
0.008265542328042328,0.09029382184933152,0.06633335744003667
0.008267195767195767,0.08005747492721006,0.05343049492035178
0.008268849206349207,0.10607181720013728,0.06239085156050346
0.008270502645502645,0.10244968498066927,0.06276946483203352
0.008272156084656085,0.10820937991693153,0.07325413234420207
0.008273809523809524,0.11907534191427159,0.06835475518273387
0.008275462962962964,0.10941270628642728,0.061444336754679085
0.008277116402116402,0.10505598426473256,0.06921045791145937
0.008278769841269842,0.08644784807979825,0.06065736805224809
0.00828042328042328,0.10128282414112473,0.05861913870701586
0.00828207671957672,0.09566539875232039,0.059734220883495996
0.008283730158730159,0.0949370044740036,0.06467294496046815
0.008285383597883599,0.1143087677385857,0.07271256652237923
0.008287037037037037,0.1109296289790045,0.06333884308764781
0.008288690476190477,0.10926150542564722,0.06556864037575266
0.008290343915343916,0.0964081758819326,0.06419636843840583
0.008291997354497356,0.09319574071092875,0.05612964091971197
0.008293650793650794,0.09575431900951284,0.06616636261294659
0.008295304232804232,0.09990883958621634,0.06739719456558689
0.008296957671957672,0.11211798355481681,0.07055716476803008
0.00829861111111111,0.10912748867921071,0.0625283986634921
0.00830026455026455,0.10689507373708683,0.06184704935979843
0.00830191798941799,0.09881972859272391,0.061943433384084035
0.00830357142857143,0.09452063870945566,0.05785687976785048
0.008305224867724868,0.10349105232935328,0.07326830268415929
0.008306878306878308,0.12264879225399775,0.07962255376867933
0.008308531746031746,0.11824676866691541,0.07281922939821601
0.008310185185185186,0.11155567908216776,0.05835446234295204
0.008311838624338624,0.1025670636020923,0.05784339398934675
0.008313492063492064,0.10515811614340327,0.06350684698532653
0.008315145502645503,0.10370254970950113,0.06338321910130187
0.008316798941798943,0.11091707549053456,0.07475031534686088
0.008318452380952381,0.1357220341097418,0.08466605513945151
0.008320105820105821,0.12865586842859683,0.07814910944483466
0.00832175925925926,0.11700528330269097,0.06547069948008583
0.008323412698412698,0.10741211452481898,0.06253299698049716
0.008325066137566138,0.11809964086592288,0.07087069556057837
0.008326719576719576,0.11202721832953767,0.06767575359171096
0.008328373015873016,0.1130956788921642,0.07153712555738108
0.008330026455026455,0.13116218069421295,0.08157069177301855
0.008331679894179895,0.11996178920536657,0.07348970253283847
0.008333333333333333,0.06315587820610603,0.03662972759325802
